Geneid,Length,Ensembl,symbol,entrezid,logFC,AveExpr,t,P.Value,adj.P.Val,B
ENSG00000140853.15,12386,ENSG00000140853,NLRC5,84166,2.7971553480380713,2.1634434401259073,9.405942345071635,4.679903361964059e-8,5.193123421432717e-4,7.426914675415585
ENSG00000115415.20,9770,ENSG00000115415,STAT1,6772,1.1995047567500547,7.92688698161023,8.204583754170459,3.7893989078704115e-7,0.001206165672375152,6.855859887768217
ENSG00000206337.12,11058,ENSG00000206337,HCP5,10866,4.440444047317659,1.8454200298643306,9.507406814274034,8.157592556444733e-8,5.193123421432717e-4,6.51266917032675
ENSG00000137628.17,6746,ENSG00000137628,DDX60,55601,1.5902968347919701,5.968762939352891,7.878387384190322,9.119444537354985e-7,0.0020294387999279092,6.03306003646375
ENSG00000115267.8,5094,ENSG00000115267,IFIH1,64135,1.0692934441803565,5.614201955783486,7.5239998815362394,9.868763578177401e-7,0.0020294387999279092,5.912610278682896
ENSG00000138646.9,4764,ENSG00000138646,HERC5,51191,2.9436029281985183,1.9909933162631506,8.409534537342125,2.397649397989566e-7,0.001017562404506772,5.881694883607963
ENSG00000137965.11,2038,ENSG00000137965,IFI44,10561,1.9546519538776272,4.39430896519218,7.7388679761566515,1.1381898725197916e-6,0.0020294387999279092,5.756492144697405
ENSG00000132530.17,6615,ENSG00000132530,XAF1,54739,2.8581894503142924,4.797936544695211,7.488143450071363,1.7057127761059094e-6,0.0024130150072644934,5.35957292067292
ENSG00000107201.10,4640,ENSG00000107201,DDX58,23586,1.110449750972161,5.639233978618467,7.054828823236599,2.755726868436914e-6,0.0035085914488938792,4.933196007106192
ENSG00000234745.11,3051,ENSG00000234745,HLA-B,3106,3.1385969211476157,4.34893623970082,7.058890142531489,3.844793178538465e-6,0.004127857140695207,4.573300375581272
ENSG00000225492.6,2352,ENSG00000225492,GBP1P1,400759,1.9171254962179844,1.8589588149390335,7.191511461044845,1.275173609756776e-6,0.0020294387999279092,4.473984968361973
ENSG00000163840.10,5768,ENSG00000163840,DTX3L,151636,0.6726351050148658,7.8289527383265645,6.514228110226833,4.600713400609076e-6,0.004399119708417387,4.369082090757951
ENSG00000117228.10,4862,ENSG00000117228,GBP1,2633,2.2223218884750735,4.004091064821214,6.824200941438379,5.182751777117563e-6,0.004399119708417387,4.229780771398588
ENSG00000197142.10,4236,ENSG00000197142,ACSL5,51703,2.1988034316406844,2.7616609064580167,6.863386000291384,3.890534534114238e-6,0.004127857140695207,4.212094762164084
ENSG00000164342.13,6725,ENSG00000164342,TLR3,7098,0.7986686358980282,2.149003353610853,6.466431562863174,5.048635833245647e-6,0.004399119708417387,4.134678872806097
ENSG00000124201.15,9340,ENSG00000124201,ZNFX1,57169,0.4830748214665057,7.237345533884204,6.277253508760089,7.3145664729887066e-6,0.00549609559429124,3.902639269741308
ENSG00000165949.12,4147,ENSG00000165949,IFI27,3429,3.2965413045920133,3.878458216319494,6.623423700759269,7.338487676951859e-6,0.00549609559429124,3.8042296252921117
ENSG00000138642.15,5779,ENSG00000138642,HERC6,55008,1.8773051744184142,4.839840914965584,6.392995182502644,1.1013290069319373e-5,0.007049776889840936,3.6257136785242254
ENSG00000138496.16,8938,ENSG00000138496,PARP9,83666,0.9179293265965516,6.815645739416045,6.311142068173389,1.0325965554682683e-5,0.007049776889840936,3.6157501034438777
ENSG00000152778.9,4029,ENSG00000152778,IFIT5,24138,0.6246972079410194,5.917492075671308,6.068466719928095,1.1074107586932038e-5,0.007049776889840936,3.494809834226711
ENSG00000187678.9,6565,ENSG00000187678,SPRY4,81848,0.6856018579320451,3.8747760234727813,5.915713522455123,1.5054693021527526e-5,0.00871256143409493,3.2727148315521886
ENSG00000157601.14,8616,ENSG00000157601,MX1,4599,1.5848373778805556,6.700980233576652,6.188594600647766,1.5884269378455884e-5,0.00879297903158697,3.2263174863470976
ENSG00000109670.16,10979,ENSG00000109670,FBXW7,55294,0.3717959780033926,6.372758240489274,5.815204070822817,1.8456141898434677e-5,0.009790983277119596,2.993689163455503
ENSG00000123106.10,7535,ENSG00000123106,CCDC91,55297,0.35353956713957935,6.1743848388195675,5.778570446348448,1.988501755622044e-5,0.010127041741031946,2.924027015948676
ENSG00000119922.10,4074,ENSG00000119922,IFIT2,3433,0.7905418588340849,5.088495767960181,5.743685324871304,2.4385345301429507e-5,0.010936086879936498,2.7919361998543035
ENSG00000111885.7,5018,ENSG00000111885,MAN1A1,4121,0.8898639018990577,3.94934304828849,5.651036214008936,2.5813373839770123e-5,0.010936086879936498,2.7627943509123734
ENSG00000134321.12,4722,ENSG00000134321,RSAD2,91543,2.419446910258803,3.296836017504503,5.9584539431583075,2.41562996756049e-5,0.010936086879936498,2.7192862773506974
ENSG00000137959.16,10240,ENSG00000137959,IFI44L,10964,2.283814197456908,6.865096354712439,5.937182813991912,2.9560984519338834e-5,0.010936086879936498,2.6588610114595372
ENSG00000177409.12,7150,ENSG00000177409,SAMD9L,219285,1.4798675446635743,5.054779374515021,5.8325210717556395,3.047798517398874e-5,0.010936086879936498,2.639413921237681
ENSG00000221963.6,10065,ENSG00000221963,APOL6,80830,1.004454776626397,6.3069869888576235,5.808571302407663,2.9114410149871873e-5,0.010936086879936498,2.6135112733491397
ENSG00000111331.13,8161,ENSG00000111331,OAS3,4940,1.672923298592397,6.199760472855967,5.815137427789899,3.147716450647441e-5,0.010936086879936498,2.569123241685154
ENSG00000134326.11,4302,ENSG00000134326,CMPK2,129607,2.4806847019931486,3.6296566593918147,5.815462881694204,3.1458148597402804e-5,0.010936086879936498,2.5549331176337393
ENSG00000105227.15,6250,ENSG00000105227,PRX,57716,-0.8745613329887902,6.825058371442078,-5.745534578123293,3.075289369259346e-5,0.010936086879936498,2.5417819238953747
ENSG00000168394.11,4805,ENSG00000168394,TAP1,6890,1.2248897011328612,2.5822047143911306,5.590763559756109,3.0170830633775843e-5,0.010936086879936498,2.5199913946463894
ENSG00000112818.10,2981,ENSG00000112818,MEP1A,4224,2.235590952661469,2.6306981226843553,5.809965509638358,3.178096250060088e-5,0.010936086879936498,2.515118292271917
ENSG00000103460.17,6754,ENSG00000103460,TOX3,27324,0.4253039232772222,5.385277795081981,5.560259153212418,3.11200257341169e-5,0.010936086879936498,2.49185060627393
ENSG00000130303.13,1101,ENSG00000130303,BST2,684,3.2954955213998494,2.0070489869307417,6.254935458402363,1.2594897369090152e-5,0.007636106347774087,2.4717648926187206
ENSG00000206503.13,2710,ENSG00000206503,HLA-A,3105,2.0644021537038575,4.6523154112293685,5.7212707210400415,3.749286355340947e-5,0.011443600318003087,2.4682701196630834
ENSG00000117280.13,3904,ENSG00000117280,RAB29,8934,0.9463242607626832,4.6760369676998135,5.620099472414687,3.613594628036451e-5,0.011443600318003087,2.443612630755057
ENSG00000204264.12,3480,ENSG00000204264,PSMB8,5696,1.1035846130394416,4.094844609608773,5.514972436767734,4.103288095145711e-5,0.0116095697838656,2.3466571693290676
ENSG00000181381.13,12156,ENSG00000181381,DDX60L,91351,0.8617129122702485,5.287639281569321,5.585629318244252,3.8648665855649765e-5,0.011443600318003087,2.34608929024607
ENSG00000183486.13,12994,ENSG00000183486,MX2,4600,2.7028359412747696,3.245095628310434,5.783656243058559,3.3374232003249094e-5,0.011146087401968478,2.3426913881568314
ENSG00000196116.8,4174,ENSG00000196116,TDRD7,23424,0.5371466787636274,5.3857584836711085,5.434699657364404,4.0370544532329615e-5,0.0116095697838656,2.2713333086290426
ENSG00000111335.13,6264,ENSG00000111335,OAS2,4939,2.2477150091164018,5.4092021390748055,5.641882742788141,5.045183800057054e-5,0.013382350029651336,2.1598509991759443
ENSG00000119125.17,7904,ENSG00000119125,GDA,9615,2.006502184996201,3.5400821803849385,5.5491871720920125,5.182319616501407e-5,0.013465570072917533,2.156641012682032
ENSG00000162654.9,6141,ENSG00000162654,GBP4,115361,2.2627624886800835,2.796772735157871,5.650491003058165,3.818176956630206e-5,0.011443600318003087,2.115721812603997
ENSG00000150527.17,10539,ENSG00000150527,CTAGE5,4253,0.6256507949422714,5.135655977845332,5.350186255479721,4.8150358673109095e-5,0.013327181883174458,2.108466789178145
ENSG00000174358.16,5270,ENSG00000174358,SLC6A19,340024,1.8727608431682197,3.7770914287993436,5.5178650282217125,5.499143856969845e-5,0.014003019917388013,2.105797172164202
ENSG00000140743.8,3950,ENSG00000140743,CDR2,1039,0.3601016637825589,4.962541217115718,5.329053886849969,5.032611530551797e-5,0.013382350029651336,2.0456174146374666
ENSG00000196684.12,3398,ENSG00000196684,HSH2D,84941,1.8905548179989868,1.9988941043840995,5.571535039557847,3.414211503901749e-5,0.011146087401968478,1.9917641178451335
ENSG00000277149.5,3262,ENSG00000277149,TYW1B,441250,0.5492912972032733,2.8343656413299017,5.2495947877227875,5.9451438642760864e-5,0.01401732808888206,1.9711267621539417
ENSG00000119917.14,2537,ENSG00000119917,IFIT3,3437,1.45082946147524,5.868591674899616,5.478467242261311,5.926386218259622e-5,0.01401732808888206,1.9484519395714983
ENSG00000145284.12,4231,ENSG00000145284,SCD5,79966,0.5084731621888441,4.4195991464633755,5.267634006107693,5.7240771876616023e-5,0.01401732808888206,1.9421615145691238
ENSG00000198944.6,3485,ENSG00000198944,SOWAHA,134548,0.8667547239113045,3.974692407578008,5.26926919605472,6.839946074982087e-5,0.015278279548538937,1.8270431398840081
ENSG00000100170.10,5081,ENSG00000100170,SLC5A1,6523,2.1860690511369314,2.038268390530262,5.427657375198352,5.843076992863435e-5,0.01401732808888206,1.7561205457724478
ENSG00000204267.16,6380,ENSG00000204267,TAP2,6891,0.526473317507195,3.3597467501471128,5.143390371263055,7.436516216892968e-5,0.015565249601338,1.7465704784166771
ENSG00000099139.14,13341,ENSG00000099139,PCSK5,5125,0.8533180114059262,4.671160629628312,5.222981677805328,7.457431869946732e-5,0.015565249601338,1.7456800840233866
ENSG00000124602.10,3156,ENSG00000124602,UNC5CL,222643,1.6406216766141888,2.537064448862611,5.294654266259697,7.313263733641473e-5,0.015565249601338,1.742175265924387
ENSG00000089127.13,4941,ENSG00000089127,OAS1,4938,1.5868955478438735,5.1541231414324775,5.3381893302662196,7.748234320279552e-5,0.015658812597745913,1.7100799251806285
ENSG00000110244.7,1471,ENSG00000110244,APOA4,337,2.4265496698646354,4.314914518120446,5.338658738460706,8.613287529423017e-5,0.016615814670396037,1.6971940305254343
ENSG00000164251.5,2930,ENSG00000164251,F2RL1,2150,1.2682746463221015,3.5258526614496155,5.273868356917062,8.441260726847393e-5,0.016534481780649386,1.6832588906624952
ENSG00000079112.10,3878,ENSG00000079112,CDH17,1015,2.4304414755993045,2.3228604261407875,5.322741886483391,7.98159234950274e-5,0.015878380280292013,1.6645425860831926
ENSG00000160710.17,9629,ENSG00000160710,ADAR,103,0.46559882589228074,8.6191895271541,5.147018149154591,7.37972581728976e-5,0.015565249601338,1.6580895812046954
ENSG00000148154.10,4567,ENSG00000148154,UGCG,7357,0.42847290528075366,5.247051361297753,5.133695892791924,7.590483236365977e-5,0.015587424607324454,1.650548616706538
ENSG00000137752.24,3698,ENSG00000137752,CASP1,834,2.2961078275175684,2.1376160453342012,5.399086570914596,6.231067247936965e-5,0.014223640299177083,1.6483490564179712
ENSG00000109472.14,3119,ENSG00000109472,CPE,1363,1.625808613805847,1.7498823289948091,5.2647168419875605,6.256078045506728e-5,0.014223640299177083,1.6354607570658164
ENSG00000168016.14,12174,ENSG00000168016,TRANK1,9881,0.9028521067539192,4.177130340654505,5.067453347144064,9.079489367185539e-5,0.01691170382524307,1.5897788267304538
ENSG00000140105.18,6356,ENSG00000140105,WARS,7453,1.0180025028697752,5.561054501256652,5.216183165755586,9.111244518584708e-5,0.01691170382524307,1.543682962013218
ENSG00000179914.5,1492,ENSG00000179914,ITLN1,55600,2.3407947940677754,1.9601910678372116,5.180234055900969,1.0509794382037546e-4,0.01911581458172886,1.4102253987779
ENSG00000127334.11,9470,ENSG00000127334,DYRK2,8445,0.5361415738587416,6.385455887992736,5.049610599571363,9.165155230456894e-5,0.01691170382524307,1.4070934080310629
ENSG00000114455.13,3627,ENSG00000114455,HHLA2,11148,2.09567288772263,3.2742789760032647,5.140223869580127,1.1359114554296293e-4,0.019811540617164437,1.3874915886493993
ENSG00000153885.14,6388,ENSG00000153885,KCTD15,79047,-0.6175749312994494,4.068461032870487,-4.949788445523801,1.1218025237571172e-4,0.019811540617164437,1.3441576257903067
ENSG00000183346.7,1789,ENSG00000183346,C10orf107,219621,-0.7714281816504172,4.071081578092292,-4.928104612175448,1.1775024030352647e-4,0.019989280793926652,1.3310970951887704
ENSG00000204740.11,7751,ENSG00000204740,MALRD1,340895,1.62846962503484,2.9369873920296437,5.059550493534782,1.1685413273509287e-4,0.019989280793926652,1.3062814618062868
ENSG00000055332.18,10753,ENSG00000055332,EIF2AK2,5610,0.5358345439580177,8.342988345026816,4.9615349056374365,1.0940466333929025e-4,0.01961887568501188,1.259401905399848
ENSG00000069849.11,2617,ENSG00000069849,ATP1B3,483,1.0227632174175558,3.518383906798038,4.8823978843471725,1.3739965752289512e-4,0.021633308685992485,1.2035879317431437
ENSG00000130589.16,12066,ENSG00000130589,HELZ2,85441,0.9356927680464899,5.085138323467729,5.0559697892171185,1.2665292641051955e-4,0.021217698145509667,1.1875348983408607
ENSG00000164187.7,8352,ENSG00000164187,LMBRD2,92255,0.3533227113875812,3.926638952048642,4.8567575445747035,1.3686635310812743e-4,0.021633308685992485,1.1533503589504877
ENSG00000113494.17,13006,ENSG00000113494,PRLR,5618,0.615078263791422,5.048751476003563,4.931910327781234,1.285438035195034e-4,0.021254801381952175,1.1137920028059902
ENSG00000257743.8,8162,ENSG00000257743,MGAM2,93432,2.3801727487866313,1.9335110316294033,5.056559944967966,1.3371928653379e-4,0.021633308685992485,1.1021886985243912
ENSG00000136237.19,10257,ENSG00000136237,RAPGEF5,9771,0.4556262991844644,5.094234141950466,4.848436786868942,1.393285667806616e-4,0.021633308685992485,1.0852181381334862
ENSG00000116675.16,6958,ENSG00000116675,DNAJC6,9829,0.6656371701079022,2.8144992431581355,4.785687232654248,1.5941389207664136e-4,0.023284663991612227,1.064106662996724
ENSG00000090402.8,6139,ENSG00000090402,SI,6476,2.320654430156981,2.480385972159077,4.9422412497167265,1.673376660241848e-4,0.023284663991612227,1.0617754975504266
ENSG00000196188.11,2657,ENSG00000196188,CTSE,1510,1.4893042551492424,1.9319354304783458,4.896281404376673,1.4423524521018288e-4,0.022125339060434318,1.0551957360689945
ENSG00000188313.13,4332,ENSG00000188313,PLSCR1,5359,0.784938431533277,6.676615070148952,4.985786372052137,1.3916011660335012e-4,0.021633308685992485,1.046050034602322
ENSG00000188167.9,4311,ENSG00000188167,TMPPE,643853,0.48755237641429616,2.083781318618756,4.77683095240205,1.6247751868246691e-4,0.023284663991612227,1.0310683153106686
ENSG00000182472.9,5966,ENSG00000182472,CAPN12,147968,0.5672615731697683,2.366083634189132,4.777297089543591,1.6231478260013483e-4,0.023284663991612227,1.0304285197938245
ENSG00000154814.14,6095,ENSG00000154814,OXNAD1,92106,0.4729630129490494,3.9873958126534186,4.759542220599105,1.6863226233580295e-4,0.023284663991612227,0.9766477358842565
ENSG00000119888.11,2430,ENSG00000119888,EPCAM,4072,0.9582982068148205,5.3865409792975,4.904447974234956,1.6701346336229922e-4,0.023284663991612227,0.967786376064482
ENSG00000121380.12,5112,ENSG00000121380,BCL2L14,79370,1.6984753322646169,2.194685704852075,4.87354039176428,1.700811931526812e-4,0.023284663991612227,0.9417696284510786
ENSG00000159200.18,6964,ENSG00000159200,RCAN1,1827,0.47150998356415297,4.892099673075503,4.777730457035245,1.6216363598923765e-4,0.023284663991612227,0.9349458731957618
ENSG00000152952.12,7663,ENSG00000152952,PLOD2,5352,0.3789367150335199,5.372652045594918,4.766298755812261,1.6619914906851427e-4,0.023284663991612227,0.9157009180120417
ENSG00000138759.19,19207,ENSG00000138759,FRAS1,80144,-0.3238361816972377,5.405108209329358,-4.784682115631917,1.597586058601572e-4,0.023284663991612227,0.912511107065149
ENSG00000104635.14,6937,ENSG00000104635,SLC39A14,23516,0.9620396357983325,3.528928371877978,4.789216163755303,1.8925840654296515e-4,0.024096380321050322,0.9040393421346806
ENSG00000256043.3,2903,ENSG00000256043,CTSO,1519,0.5702579642236945,4.143969948690326,4.725478142401595,1.8146360505400365e-4,0.023550415634386583,0.8676825600978102
ENSG00000120889.13,5010,ENSG00000120889,TNFRSF10B,8795,0.4475815886924819,4.148201605052623,4.736414587019395,1.772390783483727e-4,0.023550415634386583,0.859071308932398
ENSG00000204525.16,2507,ENSG00000204525,HLA-C,3107,1.3283328327897448,5.317243423194238,4.862366990158531,1.9590277792062106e-4,0.024534798694651874,0.8308616212933613
ENSG00000016490.16,3310,ENSG00000016490,CLCA1,1179,2.3923517637556317,3.4104466324071825,4.861103675654447,2.1923529394533904e-4,0.02554768133965482,0.8210786737899296
ENSG00000067066.17,14134,ENSG00000067066,SP100,6672,0.5302935355077096,7.435593634552033,4.763131211914681,1.7303699362755787e-4,0.02343730854112837,0.7891921026875606
ENSG00000179761.12,3814,ENSG00000179761,PIPOX,51268,1.6470222813474027,2.1869676581669735,4.778963503127972,2.0931851646602108e-4,0.02554768133965482,0.7877509359856028
ENSG00000100600.15,3876,ENSG00000100600,LGMN,5641,1.2601287197503077,3.8226016418270246,4.7646486309538245,2.2261538018586576e-4,0.02554768133965482,0.7867695800948153
ENSG00000165821.12,5383,ENSG00000165821,SALL2,6297,-0.38470152803486446,4.574921276872392,-4.683354961458238,1.987163959319579e-4,0.024563661679666872,0.7794933778433224
ENSG00000002549.12,3785,ENSG00000002549,LAP3,51056,0.7052196311706744,5.350363241695236,4.75307196161601,1.965558802116314e-4,0.024534798694651874,0.7575712677549813
ENSG00000138829.12,13218,ENSG00000138829,FBN2,2201,-0.47964887526009825,5.903552379187557,-4.732060522887019,1.789088290234972e-4,0.023550415634386583,0.7563469547588237
ENSG00000156642.17,4032,ENSG00000156642,NPTN,27020,0.4126398157237352,5.5331652185936475,4.72214214024291,1.827725452057941e-4,0.023550415634386583,0.7448494737966911
ENSG00000173821.19,28570,ENSG00000173821,RNF213,57674,0.5634193782758485,7.499007891801096,4.760005060763103,1.8312057397143198e-4,0.023550415634386583,0.7393657401477425
ENSG00000163975.12,8394,ENSG00000163975,MELTF,4241,1.5202275518787767,3.679207035209849,4.7620968015905145,2.3900627295205944e-4,0.02554768133965482,0.7320759288916898
ENSG00000006611.16,4904,ENSG00000006611,USH1C,10083,1.3079348511606526,3.83106188974783,4.747926729707644,2.388285914496471e-4,0.02554768133965482,0.7219307121225391
ENSG00000169193.12,3547,ENSG00000169193,CCDC126,90693,0.5089193842049151,3.3729757973326713,4.616834645553019,2.2943220734834139e-4,0.02554768133965482,0.7209005477187835
ENSG00000186470.14,7042,ENSG00000186470,BTN3A2,11118,1.055996831979917,3.9129446989910366,4.711315459213107,2.3572476482601058e-4,0.02554768133965482,0.7183670733984062
ENSG00000123643.13,6971,ENSG00000123643,SLC36A1,206358,1.274573237986236,2.9235290765855018,4.690655219023065,2.4166550152256825e-4,0.02554768133965482,0.7059956982293434
ENSG00000057704.13,6512,ENSG00000057704,TMCC3,57458,1.096373684876295,3.8879362510319715,4.708296290630705,2.4023824800450228e-4,0.02554768133965482,0.7020087795038492
ENSG00000170571.12,5240,ENSG00000170571,EMB,133418,1.8956921384783274,2.414331511320545,4.7595727212590475,2.333223580608995e-4,0.02554768133965482,0.6983399310394063
ENSG00000164124.11,9248,ENSG00000164124,TMEM144,55314,0.8280045866980936,3.9289004664640057,4.6800396871718535,2.28977025449426e-4,0.02554768133965482,0.6954023197384602
ENSG00000184434.8,3588,ENSG00000184434,LRRC19,64922,2.5120362056385925,2.5397610848842316,4.803859662117221,2.1997707513802931e-4,0.02554768133965482,0.6930372932189455
ENSG00000184979.10,1858,ENSG00000184979,USP18,11274,1.541370260991309,2.8692993838889795,4.6990805765263355,2.4480184758387435e-4,0.02554768133965482,0.6649701940972319
ENSG00000196549.11,9620,ENSG00000196549,MME,4311,0.7366772482378954,5.619958890398929,4.760145096193324,2.142095488675483e-4,0.02554768133965482,0.6405169911722597
ENSG00000164181.14,4461,ENSG00000164181,ELOVL7,79993,0.9119073598712388,3.594308007227606,4.585556063524348,2.74917192318265e-4,0.027779727719017065,0.5623003645030211
ENSG00000095932.7,1481,ENSG00000095932,SMIM24,284422,1.448163309822653,3.963622629316882,4.668778947532167,2.878843591917592e-4,0.02839752284697332,0.5502294180270519
ENSG00000158022.6,2573,ENSG00000158022,TRIM63,84676,1.0488746690391917,1.6037483517985127,4.590112936714516,2.4309319688799058e-4,0.02554768133965482,0.5476700978142146
ENSG00000102243.13,1478,ENSG00000102243,VGLL1,51442,-0.345573960523442,5.641426443769304,-4.619167119908483,2.2827745390518694e-4,0.02554768133965482,0.5362678929186044
ENSG00000108588.14,4354,ENSG00000108588,CCDC47,57003,0.3151677729262534,4.701541119747848,4.592758213993043,2.4170473453811054e-4,0.02554768133965482,0.533544483896768
ENSG00000138798.13,7628,ENSG00000138798,EGF,1950,0.6519400193215676,4.06442948729789,4.5576811182685235,2.634397243924995e-4,0.02683291656772243,0.5320084501689513
ENSG00000106785.15,5481,ENSG00000106785,TRIM14,9830,0.7167848769363134,6.150582956973998,4.7069749323927335,2.3878876085329988e-4,0.02554768133965482,0.5282951657171013
ENSG00000187608.10,867,ENSG00000187608,ISG15,9636,1.5033408001860704,5.04260683077802,4.669617790279478,2.8740206403110287e-4,0.02839752284697332,0.5086764031548547
ENSG00000168961.17,5714,ENSG00000168961,LGALS9,3965,1.1820787432588888,3.7213489725966644,4.59728713783162,3.0402722130505155e-4,0.029534428122418077,0.4959779984126609
ENSG00000080815.19,9947,ENSG00000080815,PSEN1,5663,0.3768185924152201,6.11726186394629,4.610644601525469,2.3252564150286453e-4,0.02554768133965482,0.4883388726867155
ENSG00000095585.17,6186,ENSG00000095585,BLNK,29760,0.2782962796138282,5.259457760213923,4.566127426495885,2.560588333662239e-4,0.026291460213054535,0.4653618610758148
ENSG00000171729.14,2238,ENSG00000171729,TMEM51,55092,0.4965074211722391,2.5857739301212113,4.483730404703104,3.062004800627699e-4,0.029534428122418077,0.44956913250609887
ENSG00000163251.4,7039,ENSG00000163251,FZD5,7855,0.8702644360525009,3.3909760817753343,4.474313173562487,3.12533010571057e-4,0.02991857361346389,0.4465297549189504
ENSG00000084674.15,14828,ENSG00000084674,APOB,338,2.2941019706200274,6.283152172406751,4.74019815960428,2.771117941235476e-4,0.02778100285654337,0.44492363614229546
ENSG00000185414.20,4760,ENSG00000185414,MRPL30,51263,-0.2633251888855357,5.824141835561071,-4.566217091564061,2.5600907750763016e-4,0.026291460213054535,0.4091165899341229
ENSG00000186314.11,5375,ENSG00000186314,PRELID2,153768,0.6953468431484113,4.987264754860877,4.567562540675875,2.8995271521414795e-4,0.02839752284697332,0.3971670947946002
ENSG00000110446.11,6509,ENSG00000110446,SLC15A3,51296,1.1460344236610154,3.5323542228151616,4.54033853928719,3.3986192689764425e-4,0.030576417632543436,0.39149767247756007
ENSG00000138823.13,5398,ENSG00000138823,MTTP,4547,2.244724303238188,2.414174943819403,4.577779244688941,3.4546247794921183e-4,0.030576417632543436,0.3903396324694812
ENSG00000134193.15,3414,ENSG00000134193,REG4,83998,2.0708411195034646,1.8707071312694992,4.584801020226854,3.4062608780554773e-4,0.030576417632543436,0.3387303552346612
ENSG00000155666.12,4026,ENSG00000155666,KDM8,79831,0.7442567695354474,1.85181185010378,4.435185392287248,3.402996381468716e-4,0.030576417632543436,0.3334515202928765
ENSG00000121858.11,3441,ENSG00000121858,TNFSF10,8743,1.4481250870771467,3.446605180005343,4.512982745226929,3.6481461647868904e-4,0.03138391687166668,0.33179222872770353
ENSG00000135111.16,5960,ENSG00000135111,TBX3,6926,0.4612215845772294,4.6905806419256795,4.466307323307683,3.1802089665246904e-4,0.030060683885008856,0.3116170837340526
ENSG00000156381.9,7208,ENSG00000156381,ANKRD9,122416,0.5205482019667556,3.484313273113956,4.38371233908351,3.806772945630308e-4,0.032141068036731814,0.2600312079721627
ENSG00000169762.17,7758,ENSG00000169762,TAPT1,202018,0.2858269503089339,4.68383658021998,4.4561412107673215,3.251307661757346e-4,0.030437977315804804,0.2556871834469332
ENSG00000135677.11,6268,ENSG00000135677,GNS,2799,0.9982562799139192,4.987253400343074,4.5693169462045535,3.5138469249677124e-4,0.030576417632543436,0.25199117967064577
ENSG00000145384.4,2226,ENSG00000145384,FABP2,2169,2.9732391346199867,2.5164461188542444,4.523946044568168,3.8495843630998827e-4,0.03224533428354454,0.2207266849184597
ENSG00000075461.6,3583,ENSG00000075461,CACNG4,27092,-0.5788483404774416,4.268486799531414,-4.43721353808368,3.459358452688314e-4,0.030576417632543436,0.21638769768162547
ENSG00000204177.10,4561,ENSG00000204177,BMS1P1,399761,0.40854654367592547,3.874286944959876,4.38309586924337,3.8118922977902164e-4,0.032141068036731814,0.21056641929121067
ENSG00000239887.6,4313,ENSG00000239887,C1orf226,400793,0.4614963207246623,4.238310599686249,4.418321390561512,3.5302649952748073e-4,0.030576417632543436,0.2049903646639244
ENSG00000103978.16,5594,ENSG00000103978,TMEM87A,25963,0.3588931400239437,4.759206917856234,4.439331871781823,3.3724227982556823e-4,0.030576417632543436,0.19802879007088592
ENSG00000176641.11,10213,ENSG00000176641,RNF152,220441,0.7035169062221929,3.91197738093478,4.347260520227234,4.1217850865417365e-4,0.033768570795861465,0.18697755144941208
ENSG00000170385.10,5893,ENSG00000170385,SLC30A1,7779,0.44835910677224255,6.036832728306026,4.4652692867108454,3.1873957936507974e-4,0.030060683885008856,0.17797766737351495
ENSG00000155850.8,8580,ENSG00000155850,SLC26A2,1836,0.4949883751108821,4.768851909105237,4.422729714340721,3.496537723171782e-4,0.030576417632543436,0.17599823541518145
ENSG00000133135.14,3418,ENSG00000133135,RNF128,79589,1.2316297322976162,1.6466733348603846,4.4207767497964365,3.511439007684336e-4,0.030576417632543436,0.16961055633334166
ENSG00000174574.16,2688,ENSG00000174574,AKIRIN1,79647,0.25004087461278246,6.351544131244552,4.450799581486504,3.289309447049005e-4,0.030568969255348858,0.14344473101159583
ENSG00000160207.9,1909,ENSG00000160207,HSF2BP,11077,-0.6239636400649893,1.7520216218532942,-4.325532785110685,4.321981631166758e-4,0.034736461317011025,0.13754414318491026
ENSG00000134575.13,3484,ENSG00000134575,ACP2,53,0.6519646982423146,4.109350716180457,4.368029544628584,4.0369695701464076e-4,0.03359391932490462,0.13203088244754024
ENSG00000128298.17,2149,ENSG00000128298,BAIAP2L2,80115,1.1229679037684135,2.9604392944985487,4.364681178427938,4.5091026424690756e-4,0.035448695721063635,0.13153883503103625
ENSG00000158125.10,6064,ENSG00000158125,XDH,7498,1.2100805220915172,2.9653864757506567,4.392240325969857,4.601720340599776e-4,0.035508547500918995,0.12226267895346243
ENSG00000151466.12,8980,ENSG00000151466,SCLT1,132320,0.3541131877876156,5.61255538931464,4.393721009599642,3.724625687447407e-4,0.03182680151179892,0.09630088463397346
ENSG00000167363.14,3831,ENSG00000167363,FN3K,64122,1.0024843984624292,3.3805898415799454,4.336197698154899,4.756191753230373e-4,0.03601098735843912,0.0734293664429968
ENSG00000099834.19,3861,ENSG00000099834,CDHR5,53841,1.499307950790794,4.3990641464519005,4.437202295043379,4.585880513229524e-4,0.035508547500918995,0.06470442911202756
ENSG00000178685.14,6033,ENSG00000178685,PARP10,84875,0.9042289114224968,3.3659667665840667,4.303622216013621,4.7799692613699425e-4,0.03601098735843912,0.06415937088939927
ENSG00000174567.8,1029,ENSG00000174567,GOLT1A,127845,1.4576111134923226,1.8951968609703207,4.361131983525388,4.5147781994323943e-4,0.035448695721063635,0.06233884703184511
ENSG00000187908.19,9379,ENSG00000187908,DMBT1,1755,1.5757677673607786,2.6910192667681825,4.3816987478717495,4.668314282386592e-4,0.035805408098401256,0.059218972087600186
ENSG00000077238.14,5884,ENSG00000077238,IL4R,3566,0.7494045230686903,2.4550859491807038,4.283285603820369,4.739864062742513e-4,0.03601098735843912,0.05273806004204218
ENSG00000164749.13,4797,ENSG00000164749,HNF4G,3174,1.8347569496351013,3.8201064056250997,4.3987665011128785,4.95677009513694e-4,0.03669162607632762,0.04165943761596935
ENSG00000118257.16,13896,ENSG00000118257,NRP2,8828,0.6367794828715718,4.351520625665892,4.4070809959758845,4.068472083079718e-4,0.03363622504011102,0.030354973280838138
ENSG00000181751.10,3507,ENSG00000181751,C5orf30,90355,0.4663544663324384,4.153560632546335,4.323842195479815,4.337965244584317e-4,0.034736461317011025,0.020239799407299586
ENSG00000133106.14,4924,ENSG00000133106,EPSTI1,94240,1.1627292613304565,6.00430663855214,4.4881521941961084,4.137525168201687e-4,0.033768570795861465,0.010278976706637799
ENSG00000122574.10,6065,ENSG00000122574,WIPF3,644150,0.9782793528810028,3.5678553888683204,4.3133814589514285,5.196271715359375e-4,0.03788846794014537,-0.019407658922579785
ENSG00000167588.13,3822,ENSG00000167588,GPD1,2819,1.2971350237731611,2.819962936581662,4.304443309379445,5.548156695805726e-4,0.0388127093686805,-0.04470615449874771
ENSG00000185880.13,9265,ENSG00000185880,TRIM69,140691,0.5814369765806342,5.434225058054175,4.374897367476696,4.2808535399222483e-4,0.03471581354795546,-0.05054227622970586
ENSG00000111801.16,5658,ENSG00000111801,BTN3A3,10384,0.9824603482663792,2.914446961365297,4.23614117754381,5.429039100914684e-4,0.038615936219466906,-0.051023644197954354
ENSG00000119899.13,3441,ENSG00000119899,SLC17A5,26503,0.5560683267633557,3.8244633663888554,4.268292492757967,4.897800297052907e-4,0.03668164316592801,-0.05277181678930809
ENSG00000100744.15,4567,ENSG00000100744,GSKIP,51527,0.3585119312226368,4.741956974569595,4.316844518941118,4.404763275906292e-4,0.03505090376802432,-0.055432620856310955
ENSG00000123609.11,3312,ENSG00000123609,NMI,9111,0.645851964951973,4.459629328193589,4.275902286781776,4.947448767984074e-4,0.03669162607632762,-0.06170820563380719
ENSG00000060566.14,2648,ENSG00000060566,CREB3L3,84699,1.551004600028031,4.3935271579216995,4.374391473838528,5.207730042040089e-4,0.03788846794014537,-0.07353682786070959
ENSG00000163577.8,5541,ENSG00000163577,EIF5A2,56648,0.9532485572075904,2.032241004951511,4.230250908896856,5.322824837109447e-4,0.03828825187913982,-0.07482215548074311
ENSG00000122420.10,5764,ENSG00000122420,PTGFR,5737,1.3472635037244438,2.673366347369107,4.3329197508079345,5.66493228538639e-4,0.03941306986750793,-0.09668029355546448
ENSG00000110693.18,19640,ENSG00000110693,SOX6,55553,0.8013186093733689,4.911146186193967,4.338845163920719,5.102862240936855e-4,0.03755470638821274,-0.10601061636939324
ENSG00000054983.17,6736,ENSG00000054983,GALC,2581,0.6779815436050138,4.000162172099084,4.259091958852406,5.261901430263063e-4,0.03806507330119848,-0.11087878274860596
ENSG00000114107.9,4409,ENSG00000114107,CEP70,80321,0.3626983082235249,5.859072070189897,4.303173721460666,4.5382794553356677e-4,0.035448695721063635,-0.1203792811427089
ENSG00000105967.16,8644,ENSG00000105967,TFEC,22797,1.4920931182885195,3.7304473956376234,4.313035462746425,5.898478589858098e-4,0.040814907285909405,-0.12810438050160222
ENSG00000205352.11,2824,ENSG00000205352,PRR13,54458,0.6600689993774069,4.062501402873087,4.218156131262328,5.503340893844093e-4,0.0388127093686805,-0.1318529166646325
ENSG00000175311.7,4323,ENSG00000175311,ANKS4B,257629,1.7581373267373313,2.4971285684669042,4.270635184495638,6.129511426180708e-4,0.04173312271557902,-0.17398297099597482
ENSG00000118137.9,1424,ENSG00000118137,APOA1,335,2.005746992029648,5.46736014265291,4.387629329148852,5.537613019717705e-4,0.0388127093686805,-0.18076590430329542
ENSG00000092421.16,10956,ENSG00000092421,SEMA6A,57556,1.2536170459106744,2.995964133533937,4.201190393899894,6.258280677472238e-4,0.042158957452686,-0.19002525972646822
ENSG00000074276.10,5348,ENSG00000074276,CDHR2,54825,1.9311693413229678,2.9035804057500276,4.245195275818754,6.771834926608984e-4,0.044466194133383576,-0.21463272735572847
ENSG00000145626.12,8489,ENSG00000145626,UGT3A1,133688,1.5605119780263306,2.3066093572848234,4.238544900225243,6.864255896584531e-4,0.04481831080785346,-0.2257250492260523
ENSG00000128228.5,1059,ENSG00000128228,SDF2L1,23753,0.6944643039238123,1.5984189409173164,4.171360593992692,6.055500763005049e-4,0.04145087941644102,-0.24067993822510658
ENSG00000167693.17,5889,ENSG00000167693,NXN,64359,-0.28493921133875943,5.759417367765053,-4.22311272237958,5.406637250644916e-4,0.038615936219466906,-0.32508366147330126
ENSG00000140832.9,6446,ENSG00000140832,MARVELD3,91862,0.5691233644000402,3.7166605924188083,4.126206205322081,6.685575825185199e-4,0.04433372469075935,-0.34123146741290533
ENSG00000112175.8,3970,ENSG00000112175,BMP5,653,0.7674476420771892,2.1057398873314166,4.074426999291143,7.489910132551057e-4,0.04676969163284836,-0.3458143630233188
ENSG00000108771.13,3824,ENSG00000108771,DHX58,79132,0.7670673991998973,3.0065896561190715,4.0724746761578015,7.522075314382509e-4,0.04676969163284836,-0.347245063930294
ENSG00000002726.20,3824,ENSG00000002726,AOC1,26,1.5794551839849733,2.0818034855512115,4.154221867412509,7.49918463443436e-4,0.04676969163284836,-0.37404007667966344
ENSG00000025434.19,4534,ENSG00000025434,NR1H3,10062,0.7266482343316296,3.4832923875369763,4.085525492869151,7.446258227133132e-4,0.04676969163284836,-0.3765182150810862
ENSG00000134184.13,2512,ENSG00000134184,GSTM1,2944,-1.5670633242549141,3.2078948481169127,-4.181347309737206,7.714133869696949e-4,0.04676969163284836,-0.37741996234966724
ENSG00000122121.11,3498,ENSG00000122121,XPNPEP2,7512,1.5358850102033648,3.111469389668695,4.14514217300291,8.306724483454572e-4,0.04931035298069821,-0.40892916762945486
ENSG00000165476.14,5215,ENSG00000165476,REEP3,221035,0.36805872783216653,5.58502497973352,4.1716310459042525,6.051913243155036e-4,0.04145087941644102,-0.4173047138100756
ENSG00000091138.13,3382,ENSG00000091138,SLC26A3,1811,1.9392026794729535,2.7360182318291093,4.141691698362115,8.365564124906389e-4,0.04931035298069821,-0.41797881882099475
ENSG00000143158.11,2638,ENSG00000143158,MPC2,25874,0.5508015535407411,5.064313139378501,4.145978866576867,6.623662049535236e-4,0.04415312314904849,-0.42041452804663315
ENSG00000073008.15,6098,ENSG00000073008,PVR,5817,0.5278264492076308,3.394464346052967,4.064561875294589,7.65387190973393e-4,0.04676969163284836,-0.423332441334594
ENSG00000170542.6,4143,ENSG00000170542,SERPINB9,5272,0.8551757031422351,3.1443683969924163,4.029319792457301,8.269684034345069e-4,0.04931035298069821,-0.4318586556864199
ENSG00000274070.2,8206,ENSG00000274070,GATSL2,729438,-0.400379303025054,5.74411498315266,-4.159868381031385,6.209943241088937e-4,0.042055849651885295,-0.44400245613222733
ENSG00000198865.10,3493,ENSG00000198865,CCDC152,100129792,1.4550468417305291,3.17650228633291,4.124943462619746,8.657243231326179e-4,0.049839119797471305,-0.4444067934887874
ENSG00000170445.15,7528,ENSG00000170445,HARS,3035,-0.3209621262907456,5.29377329413644,-4.134844978596722,6.560117104902815e-4,0.043959689989275075,-0.44714373952264985
ENSG00000113722.17,1775,ENSG00000113722,CDX1,1044,1.5432372131962035,2.914014721560533,4.114769921665684,8.839446898134719e-4,0.049839119797471305,-0.4599130786669736
ENSG00000166866.13,4450,ENSG00000166866,MYO1A,4640,1.2814055505504505,3.243458519188226,4.11787978433253,8.738310592351216e-4,0.049839119797471305,-0.4686911866605943
ENSG00000136574.17,4443,ENSG00000136574,GATA4,2626,1.3819244869978649,2.2862024639891,4.07248850702459,9.20198388119378e-4,0.05071846700232,-0.496784569071929
ENSG00000072657.9,12264,ENSG00000072657,TRHDE,29953,0.6339595089225498,2.5724950087124787,3.9966058807777722,8.885862546360341e-4,0.049839119797471305,-0.5067353585565915
ENSG00000120594.17,12567,ENSG00000120594,PLXDC2,84898,0.4546804232651338,4.461522027704758,4.065011937218995,7.646313644357733e-4,0.04676969163284836,-0.5074875122232445
ENSG00000138821.13,6480,ENSG00000138821,SLC39A8,64116,0.39042505901979574,4.624745075053232,4.094282356615527,7.170550525136768e-4,0.04655850313999213,-0.5119189072390382
ENSG00000168955.4,2875,ENSG00000168955,TM4SF20,79853,2.3898335187354927,1.5824196575204876,4.112569475580448,8.879365831396196e-4,0.049839119797471305,-0.5448355156478435
ENSG00000085741.13,2371,ENSG00000085741,WNT11,7481,0.509921610386554,3.625491870276311,4.058569718031112,7.755222851933903e-4,0.04679597030844666,-0.548353409533731
ENSG00000107242.20,5092,ENSG00000107242,PIP5K1B,8395,0.4372019932239146,5.062994711707973,4.092166742402252,7.203915424582509e-4,0.04655850313999213,-0.5488272381908406
ENSG00000042493.16,2419,ENSG00000042493,CAPG,822,-0.2829475532636616,6.1604747878982105,-4.1201208146757224,6.775401870779464e-4,0.044466194133383576,-0.5577671071432375
ENSG00000105398.4,1904,ENSG00000105398,SULT2A1,6822,1.7605120725402028,2.5483200346002968,4.054054304578002,0.0010010842014737142,0.05161295652391165,-0.5665326825343122
ENSG00000181744.9,5463,ENSG00000181744,C3orf58,205428,0.29483336339534016,4.615939135242515,4.070379587458372,7.556747340861334e-4,0.04676969163284836,-0.5667043487398793
ENSG00000138606.19,4894,ENSG00000138606,SHF,90525,-0.4943714785759572,3.1428353969065417,-3.976920386025707,9.278681022006496e-4,0.050920761539735654,-0.5705746127773184
ENSG00000157388.19,19184,ENSG00000157388,CACNA1D,776,0.9602240342839532,1.8200163237494404,4.001623998211846,8.78842927466382e-4,0.049839119797471305,-0.5764399864303336
ENSG00000131899.11,6590,ENSG00000131899,LLGL1,3996,-0.33564104283712926,5.1067035596630115,-4.074112727884649,7.495078491935593e-4,0.04676969163284836,-0.5853089735719159
ENSG00000107954.10,4961,ENSG00000107954,NEURL1,9148,0.8617399901917402,3.0161909049400237,3.957038138913418,9.869100546979967e-4,0.05161295652391165,-0.5901776102732388
ENSG00000156587.16,2062,ENSG00000156587,UBE2L6,9246,1.2876334944224839,4.909384231694065,4.102892773482054,9.057099403929181e-4,0.05026571163464199,-0.5929347935078013
ENSG00000167674.15,4286,ENSG00000167674,CTB-50L17.10,84717,-0.24288962184470364,5.485606258914776,-4.06214927912322,7.694517063642165e-4,0.04676969163284836,-0.619458038307882
ENSG00000070214.16,12172,ENSG00000070214,SLC44A1,23446,0.261443631892849,5.654560890234735,4.080615099722762,7.388871411004578e-4,0.04676969163284836,-0.6259385035994516
ENSG00000123095.6,3854,ENSG00000123095,BHLHE41,79365,0.6740664623969961,3.818317878873596,4.056109016583609,8.636110352719457e-4,0.049839119797471305,-0.6260780021947463
ENSG00000147883.12,4000,ENSG00000147883,CDKN2B,1030,0.3528683032616522,5.832451433494557,4.075577857303995,7.471014278369225e-4,0.04676969163284836,-0.6302030396417786
ENSG00000164308.17,6953,ENSG00000164308,ERAP2,64167,1.3529482344427426,1.8592341415090319,3.9835993316023353,9.890630152265764e-4,0.05161295652391165,-0.6366166174503158
ENSG00000132274.16,5944,ENSG00000132274,TRIM22,10346,0.8386683825063859,5.510736938520319,4.108310203241673,8.66944201302667e-4,0.049839119797471305,-0.6405666512818531
ENSG00000122176.12,3034,ENSG00000122176,FMOD,2331,0.8419552266091941,3.210131229387816,3.918903803130975,0.0010540829937877357,0.05275486063297123,-0.6479551342267005
ENSG00000100376.12,6425,ENSG00000100376,FAM118A,55007,0.4446485782452827,3.5723503455441863,3.9628420218755944,9.570269704136623e-4,0.05161295652391165,-0.6540225479636836
ENSG00000204385.12,3372,ENSG00000204385,SLC44A4,80736,0.9090647665275466,4.245791097964922,4.023691567255407,9.949005382803488e-4,0.05161295652391165,-0.6573365612423689
ENSG00000139324.12,7327,ENSG00000139324,TMTC3,160418,0.2931467827056311,5.1521650813699775,4.062526985672543,7.688139501759036e-4,0.04676969163284836,-0.6577570121459173
ENSG00000089472.16,7113,ENSG00000089472,HEPH,9843,1.4214290570708523,1.767360153273739,3.972341756210274,0.0010635331205106743,0.05275486063297123,-0.6670737583792832
ENSG00000161921.16,2795,ENSG00000161921,CXCL16,58191,0.9052255909625955,3.783272954690162,3.9580745837456663,0.0010648758390412823,0.05275486063297123,-0.6763733104974596
ENSG00000119547.6,16546,ENSG00000119547,ONECUT2,9480,1.6559343302369272,2.032367023622228,3.9857789646567046,0.0011517675672718293,0.054418759829647674,-0.6901141220236591
ENSG00000012504.15,3628,ENSG00000012504,NR1H4,9971,1.7542661339801773,2.1967893803821883,3.9865730346928863,0.0011406322870557996,0.054418759829647674,-0.6987547225586654
ENSG00000003096.14,6983,ENSG00000003096,KLHL13,90293,1.249406890433624,2.8410650719857964,3.964246363337771,0.0011525536970075625,0.054418759829647674,-0.7073197877594
ENSG00000023171.18,14944,ENSG00000023171,GRAMD1B,57476,1.2232738565979624,3.0249701342151476,3.944028240460345,0.0011631914096252452,0.054418759829647674,-0.711262625584272
ENSG00000127530.4,12208,ENSG00000127530,OR7C1,26664,-0.8725457649741442,3.9091788126280522,-4.025560118355321,0.0010068030834134382,0.05161295652391165,-0.713372556047009
ENSG00000136158.12,3213,ENSG00000136158,SPRY2,10253,0.5467021851501732,5.697324611620643,4.07882385442544,8.255196982547333e-4,0.04931035298069821,-0.7279709175338613
ENSG00000205213.14,6355,ENSG00000205213,LGR4,55366,0.45868459136197437,4.9418635825687405,4.03280420497488,8.34407011976908e-4,0.04931035298069821,-0.7295719732442603
ENSG00000173193.15,10274,ENSG00000173193,PARP14,54625,0.6652768454813041,7.688976648112121,4.107178551345201,8.487475661924066e-4,0.049798405588763694,-0.734085865320842
ENSG00000151689.13,3576,ENSG00000151689,INPP1,3628,0.6032359111301904,2.37221031525687,3.8733655714584794,0.0011651113424034764,0.054418759829647674,-0.7383204603398443
ENSG00000148942.15,7571,ENSG00000148942,SLC5A12,159963,1.6058448011437396,3.1627951098141693,3.9688628904424452,0.0011925327902282574,0.054616285917935874,-0.7417189261329504
ENSG00000125347.14,7778,ENSG00000125347,IRF1,3659,0.900835838923391,5.323450548039004,4.04629216349476,0.0010059430727024983,0.05161295652391165,-0.7496235557274638
ENSG00000173930.9,5069,ENSG00000173930,SLCO4C1,353189,0.8554973109086927,3.425142434691345,3.904066156214204,0.0011694632721627014,0.054418759829647674,-0.7583661583541241
ENSG00000106078.19,14349,ENSG00000106078,COBL,23242,0.37024176586496704,5.6529525030843555,4.0020466371901495,8.780272389913695e-4,0.049839119797471305,-0.7655450333473555
ENSG00000198162.12,9667,ENSG00000198162,MAN1A2,10905,0.3146205916838829,7.860721098834268,4.013721986479437,8.557924037416213e-4,0.049839119797471305,-0.7839822260887939
ENSG00000105829.13,5244,ENSG00000105829,BET1,10282,0.3469927408661593,3.921298691717161,3.916362475291631,0.0010599896726589148,0.05275486063297123,-0.7947643457057758
ENSG00000067445.21,6716,ENSG00000067445,TRO,7216,-0.43135409997072527,3.3102019992538136,-3.8963595003190603,0.0011076559088035694,0.054418759829647674,-0.8019791429390537
ENSG00000213593.10,2253,ENSG00000213593,TMX2,51075,0.5703125965135265,3.822826550775249,3.8898915973005863,0.0011235240437298844,0.054418759829647674,-0.8116190971465924
ENSG00000166394.15,8595,ENSG00000166394,CYB5R2,51700,-0.381166947060664,4.215335973335185,-3.9171596081206372,0.001058133371506481,0.05275486063297123,-0.8191424155939941
ENSG00000154655.15,7959,ENSG00000154655,L3MBTL4,91133,0.3016372845028137,5.038391296635008,3.962148506056837,9.584869251853437e-4,0.05161295652391165,-0.8192284402402557
ENSG00000138459.9,4828,ENSG00000138459,SLC35A5,55032,0.33383268824913426,4.206065137777758,3.9367834054618633,0.0010134495076168642,0.05161295652391165,-0.8278799034981947
ENSG00000168237.18,4794,ENSG00000168237,GLYCTK,132158,1.0123206691651205,1.9676466708638118,3.851413583238262,0.0012227484897332135,0.05540225541381948,-0.8279626233962638
ENSG00000165215.6,1274,ENSG00000165215,CLDN3,1365,1.056635660440246,4.078723645378724,3.9147011570077996,0.0012661418052888848,0.05616905040048112,-0.8290329432471015
ENSG00000170293.9,1170,ENSG00000170293,CMTM8,152189,0.8475403987944454,2.2151808320944295,3.8276291558765076,0.0012884252241665034,0.05675410639399433,-0.8336643271987816
ENSG00000100300.18,1422,ENSG00000100300,TSPO,706,-0.4048865940259496,3.6791305906006357,-3.855749506402365,0.001211142031574001,0.055072358378572064,-0.8371198747227524
ENSG00000117632.23,6247,ENSG00000117632,STMN1,3925,-0.31932543742746144,7.3210977811769995,-3.990624762937765,9.003413174319413e-4,0.05026571163464199,-0.8381323804906913
ENSG00000117592.9,2311,ENSG00000117592,PRDX6,9588,-0.2311896407754661,7.64666662241015,-3.986751996254249,9.080359469028948e-4,0.05026571163464199,-0.8396561187851699
ENSG00000137960.6,3904,ENSG00000137960,GIPC2,54810,1.8575329558360145,2.636530981318595,3.8985710600624905,0.0013781906690565977,0.0586860321017679,-0.8498934462170524
ENSG00000164168.8,4709,ENSG00000164168,TMEM184C,55751,0.2577498898152566,5.428087441391205,3.971534360738922,9.389166306445585e-4,0.05130595082131553,-0.8532489984296472
ENSG00000066230.12,5754,ENSG00000066230,SLC9A3,6550,1.5469320097174744,2.7122888152448024,3.883902665761269,0.0013670656448289146,0.0586860321017679,-0.85453695598662
ENSG00000110917.8,6438,ENSG00000110917,MLEC,9761,0.28567578763692225,5.416936468921673,3.9579387646861988,9.673971878757901e-4,0.05161295652391165,-0.8604487133386423
ENSG00000132437.18,3084,ENSG00000132437,DDC,1644,1.6598712249247762,2.5193337302933076,3.8897113498800624,0.0014035802783791231,0.05917345729908277,-0.8661200254774757
ENSG00000068079.8,1958,ENSG00000068079,IFI35,3430,0.8490700507339284,3.988473518766765,3.915331498086311,0.001237909716390825,0.05553076179698786,-0.8673125829496362
ENSG00000185745.10,4614,ENSG00000185745,IFIT1,3434,1.0344649503121133,6.515839365138654,4.056909793646874,9.95236968122878e-4,0.05161295652391165,-0.8762653754761001
ENSG00000130726.12,4306,ENSG00000130726,TRIM28,10155,-0.27867807358154906,7.870685559902184,-3.9601978737956043,9.626053040921787e-4,0.05161295652391165,-0.881722195155441
ENSG00000074219.14,2980,ENSG00000074219,TEAD2,8463,-0.3658983087901726,4.585624903247885,-3.8877675292258,0.0011287847222640566,0.054418759829647674,-0.8893359844107884
ENSG00000138035.15,5291,ENSG00000138035,PNPT1,87178,0.45521744631575967,4.982126916990726,3.916203203796408,0.0010603609632268613,0.05275486063297123,-0.8912679940723613
ENSG00000196924.18,10642,ENSG00000196924,FLNA,2316,-0.3892887898505357,8.371992910428672,-3.9478446017984665,9.891026683137068e-4,0.05161295652391165,-0.8915468022766477
ENSG00000165475.15,4327,ENSG00000165475,CRYL1,51084,0.8956074705745838,3.9503223843171287,3.8877897305325946,0.0013117736347714704,0.05719692437640534,-0.8947785348906869
ENSG00000114529.12,6021,ENSG00000114529,C3orf52,79669,0.3589338059938827,3.5677944942990583,3.869369323809447,0.0011753973415922958,0.054418759829647674,-0.8958958086452107
ENSG00000185477.5,14998,ENSG00000185477,GPRIN3,285513,1.0919595170967953,2.895219861059997,3.8249696325431373,0.0014244643318304165,0.05985570915136918,-0.9003190840467559
ENSG00000101161.8,3047,ENSG00000101161,PRPF6,24148,-0.20348822413795276,6.5718985015864275,-3.9594150572014617,9.642630616018506e-4,0.05161295652391165,-0.9092584769758467
ENSG00000100726.15,4239,ENSG00000100726,TELO2,9894,-0.4329690745410999,3.1207952883360663,-3.803549363612786,0.001358516162802172,0.058632636558634765,-0.9190037714913739
ENSG00000137275.14,4161,ENSG00000137275,RIPK1,8737,0.21520162767420015,6.015152758009845,3.947252085843795,9.903918451436599e-4,0.05161295652391165,-0.9252744868574307
ENSG00000007944.15,3072,ENSG00000007944,MYLIP,29116,0.2667871214747306,6.146324178611599,3.947434512442536,9.899947476664688e-4,0.05161295652391165,-0.9259891034464065
ENSG00000153879.9,4056,ENSG00000153879,CEBPG,1054,0.44377454156616203,5.845847958592564,3.9467952557625954,0.0010106310797660903,0.05161295652391165,-0.9283356856271574
ENSG00000108679.13,3422,ENSG00000108679,LGALS3BP,3959,0.8242100213709795,4.654840814549462,3.9534344880381846,0.0011866567240318455,0.05454336971253955,-0.9285211939577467
ENSG00000089818.18,8785,ENSG00000089818,NECAP1,25977,0.31947474636733375,4.181529915157608,3.8607051054665122,0.0011980119112622659,0.05467056506878555,-0.9368621997304976
ENSG00000106868.17,4074,ENSG00000106868,SUSD1,64420,0.31792561655451035,3.9129673365905133,3.8412808722535114,0.0012503081334844363,0.05585587072113629,-0.9390073118673268
ENSG00000033170.17,6976,ENSG00000033170,FUT8,2530,0.27071569849212374,5.416052919955497,3.9230099763939488,0.0010446089332736296,0.05275486063297123,-0.9433735818679638
ENSG00000203727.4,6557,ENSG00000203727,SAMD5,389432,1.0001417206350571,2.2334783237815605,3.777188506976444,0.0014396282343021043,0.0598998257488052,-0.9459923416105882
ENSG00000198758.10,3477,ENSG00000198758,EPS8L3,79574,1.5400204849043921,2.621514359158947,3.8399370224612235,0.0015485024749231611,0.06180418028439401,-0.9535479667468314
ENSG00000008517.17,3209,ENSG00000008517,IL32,9235,1.7838663628090397,3.4223007204456386,3.84025292781828,0.001554256998984012,0.06184000034707638,-0.9569312445303115
ENSG00000187699.10,5997,ENSG00000187699,C2orf88,84281,1.8698202777472142,1.8221005958151515,3.853139060064177,0.0014963413952381911,0.06143745917637643,-0.96261476665752
ENSG00000169435.14,6630,ENSG00000169435,RASSF6,166824,0.4113681504101847,4.305753604130917,3.8365843274099953,0.001263292277760526,0.05616905040048112,-0.9632575909940089
ENSG00000132744.8,1371,ENSG00000132744,ACY3,91703,1.207817927527618,2.7656867476920044,3.8000302184625254,0.0015400894005046114,0.06180418028439401,-0.9636108271631949
ENSG00000198018.7,8655,ENSG00000198018,ENTPD7,57089,0.7203370397064024,4.601467199481227,3.9150399549433033,0.0012386692075357015,0.05553076179698786,-0.9662013413613462
ENSG00000166510.14,5133,ENSG00000166510,CCDC68,80323,0.3800547325878707,4.377909846736989,3.846800575593294,0.001235219001174078,0.05553076179698786,-0.9720128861545003
ENSG00000173085.15,2774,ENSG00000173085,COQ2,27235,0.5883503381345019,2.388249383424884,3.758299557599242,0.0015007107920085665,0.06143745917637643,-0.9805930957684561
ENSG00000138018.18,8552,ENSG00000138018,EPT1,85465,0.44306986383480584,4.796106964290817,3.8868184764461122,0.0011311432166414583,0.054418759829647674,-0.993077308081169
ENSG00000059378.13,5510,ENSG00000059378,PARP12,64761,0.6371891455757206,5.749791120449907,3.9576533395208995,0.0011438255191980504,0.054418759829647674,-0.9999649871140228
ENSG00000167105.8,3062,ENSG00000167105,TMEM92,162461,1.4216948201050577,1.609253572175299,3.7939708834296844,0.0015983889642556116,0.06300522691301066,-1.0035250543519956
ENSG00000165443.12,4040,ENSG00000165443,PHYHIPL,84457,0.9233098706955372,2.3614208991194228,3.732966305035883,0.0015867177870998405,0.06284118468458762,-1.0102482172898632
ENSG00000135535.17,6861,ENSG00000135535,CD164,8763,0.42707671850556395,6.853390954546844,3.9060574486144497,0.0011047948066672834,0.054418759829647674,-1.036072876221965
ENSG00000110057.8,3536,ENSG00000110057,UNC93B1,81622,0.4775292202764101,2.9827660452104032,3.7523086757653763,0.0015206198240481385,0.06165774394834682,-1.0425628184284434
ENSG00000166710.20,6079,ENSG00000166710,B2M,567,0.7970493453536953,7.739050520609636,3.971579089292387,0.0011858899552803302,0.05454336971253955,-1.0451810100449697
ENSG00000177733.7,8713,ENSG00000177733,HNRNPA0,10949,-0.24664234233274218,7.184749726414957,-3.8894483246352944,0.0011246198634107935,0.054418759829647674,-1.0519888708245917
ENSG00000185404.16,5650,ENSG00000185404,SP140L,93349,0.4312584475827279,4.240554996397861,3.7688086617496785,0.0014664138935538884,0.06061812237898736,-1.0623252954779367
ENSG00000168268.11,4799,ENSG00000168268,NT5DC2,64943,-0.45523606072541245,6.540537991566508,-3.8972666703809398,0.0011536774442026782,0.054418759829647674,-1.069942825106608
ENSG00000165152.9,5549,ENSG00000165152,TMEM246,84302,0.8632251064053529,3.004445609719907,3.736816553406706,0.0016747775671240477,0.06447648636082685,-1.0729040166252046
ENSG00000141664.10,10213,ENSG00000141664,ZCCHC2,54877,0.3114598750804145,6.703371203211504,3.883539802391697,0.0011393291427489753,0.054418759829647674,-1.0735323750034613
ENSG00000025708.14,3600,ENSG00000025708,TYMP,1890,0.8219416525227654,2.918979735653751,3.6880809149942784,0.0017513652692042014,0.0653737649948429,-1.0963775120758816
ENSG00000213047.13,13203,ENSG00000213047,DENND1B,163486,0.19224014958141922,6.566516476751321,3.872490310203093,0.0011673564468496456,0.054418759829647674,-1.0969851919534994
ENSG00000164236.12,10043,ENSG00000164236,ANKRD33B,651746,-0.5209712439996479,3.3955339671453437,-3.721640445680639,0.0016267452539778246,0.06372837099583281,-1.0997263694106847
ENSG00000119698.12,4973,ENSG00000119698,PPP4R4,57718,-0.7047078673650747,1.36971568584783,-3.7000497819845153,0.0017058634805003155,0.06469420895834402,-1.1004677691609226
ENSG00000196141.14,10453,ENSG00000196141,SPATS2L,26010,0.38610374358788846,7.374325119547525,3.869499602885532,0.0011750605836638368,0.054418759829647674,-1.1013126363309178
ENSG00000136872.20,3904,ENSG00000136872,ALDOB,229,1.2659256449426683,6.6283639722674685,3.963685424979942,0.0012927027061151708,0.05675410639399433,-1.1019371193685714
ENSG00000128335.14,3417,ENSG00000128335,APOL2,23780,0.42865549198414055,4.438808245110304,3.7774982457554667,0.001438647602745455,0.0598998257488052,-1.1061548108687642
ENSG00000075240.17,4901,ENSG00000075240,GRAMD4,23151,0.42485042907637594,3.52360585646389,3.715808789276184,0.0016477468582496754,0.06415630886616167,-1.1137450277503325
ENSG00000088386.17,4210,ENSG00000088386,SLC15A1,6564,1.3718471925836666,3.7208811763196894,3.7695348192453815,0.001798541410999247,0.06656694547919306,-1.1212412383683237
ENSG00000137821.11,9991,ENSG00000137821,LRRC49,54839,-0.3264977159629576,3.212792366379735,-3.7064799894511884,0.0016819069032428544,0.06447648636082685,-1.1265895606370275
ENSG00000053438.11,1329,ENSG00000053438,NNAT,4826,-0.6583978164476791,6.704590383736073,-3.918517099963835,0.001270813681913017,0.05618055485457129,-1.1287583850804879
ENSG00000198121.13,4159,ENSG00000198121,LPAR1,1902,0.4443559609339687,4.773594969277035,3.7980467197605985,0.0013750613990985653,0.0586860321017679,-1.1405161540863702
ENSG00000178623.12,5090,ENSG00000178623,GPR35,2859,0.989939026678226,1.472720583893667,3.6686509860018868,0.0018457819797354793,0.06742698000260941,-1.1448699512773457
ENSG00000169860.7,6309,ENSG00000169860,P2RY1,5028,0.6966179804508763,1.758370613571894,3.660924504398377,0.0018591437964231073,0.06763033947445429,-1.156102223819465
ENSG00000071073.13,9636,ENSG00000071073,MGAT4A,11320,0.45318482839121277,4.833396034986703,3.7719059140042215,0.0014564561642335283,0.060402605482154016,-1.17086443424635
ENSG00000148935.11,4252,ENSG00000148935,GAS2,2620,0.43837254071698206,2.0135412124411793,3.6442964291633424,0.0019283746611206676,0.06894314770486167,-1.1791367072922734
ENSG00000111802.14,2977,ENSG00000111802,TDP2,51567,0.6114252632810002,6.234745352327858,3.879962356863468,0.0013462820863850385,0.0583022568838582,-1.1792012112002679
ENSG00000127831.11,6891,ENSG00000127831,VIL1,7429,1.3199392451829346,4.288646853667886,3.8032945520058723,0.001677432670567498,0.06447648636082685,-1.1817647181999344
ENSG00000076351.13,7954,ENSG00000076351,SLC46A1,113235,0.622592117108788,2.5861654225003115,3.669077769095626,0.001826108382348751,0.06700291620767809,-1.1820001984790922
ENSG00000163581.14,3411,ENSG00000163581,SLC2A2,6514,2.232963917467254,1.8360199525732284,3.7153200511661297,0.002011751015374701,0.07021962213592062,-1.1834406766583765
ENSG00000037757.14,3466,ENSG00000037757,MRI1,84245,-0.4057402828900405,3.725593765626376,-3.6965995034383767,0.0017188579831349112,0.06493916866846793,-1.1940489366725364
ENSG00000173218.15,9045,ENSG00000173218,VANGL1,81839,0.3507699547816836,4.562932060142869,3.7974129036421225,0.0013769800447605454,0.0586860321017679,-1.2049900192031018
ENSG00000233041.8,941,ENSG00000233041,PHGR1,644844,1.2672191403692405,3.6525067880148137,3.7233584586853543,0.0019785995134267214,0.07017138998593041,-1.2077064086917062
ENSG00000082996.19,3635,ENSG00000082996,RNF13,11342,0.3158396552701399,6.845268897471146,3.821169559313024,0.0013068644709269648,0.05717868881045401,-1.2078021331887747
ENSG00000176619.13,5395,ENSG00000176619,LMNB2,84823,-0.26503451062007155,6.066302406653928,-3.808565297439196,0.0013436079446194201,0.0583022568838582,-1.208759774469498
ENSG00000123684.13,8790,ENSG00000123684,LPGAT1,9926,0.6958648256366331,6.236219622943262,3.8820539724441065,0.001399976952170367,0.05917345729908277,-1.2128181965331057
ENSG00000125458.7,1533,ENSG00000125458,NT5C,30833,-0.4242947796392884,3.2934668817596755,-3.6635951914679943,0.0018482576202411786,0.06742698000260941,-1.2130140817663548
ENSG00000173153.16,3105,ENSG00000173153,ESRRA,2101,0.5259329226408846,4.131969056125085,3.7087134942730295,0.0016736644878305672,0.06447648636082685,-1.2229857120357526
ENSG00000100028.12,3914,ENSG00000100028,SNRPD3,6634,-0.2931362118773704,5.722290987660985,-3.7918954484716205,0.001393795641225342,0.05915268701360351,-1.223300501978895
ENSG00000110245.12,851,ENSG00000110245,APOC3,345,1.516205654989971,5.385354070175847,3.855978353977592,0.0016066828620930965,0.06313668580299168,-1.2241965053747697
ENSG00000214652.6,8478,ENSG00000214652,ZNF727,442319,-0.6986706206560322,2.8911537093145663,-3.7366425189263266,0.0017254198925071673,0.06499421914615755,-1.2301101819923526
ENSG00000103227.19,8218,ENSG00000103227,LMF1,64788,0.5101298765531905,1.8736282173785654,3.6194735511576197,0.0020365305482370087,0.07021962213592062,-1.2314731637707101
ENSG00000127324.9,2419,ENSG00000127324,TSPAN8,7103,1.5088795656102114,2.84142260194525,3.6899373590935043,0.002120147611703356,0.07122353401637765,-1.2325751303312122
ENSG00000224189.8,5120,ENSG00000224189,HAGLR,401022,0.8638047785860323,1.573418202206935,3.67119189848628,0.0018176383040460983,0.06688488695697954,-1.234043796278785
ENSG00000166582.10,2850,ENSG00000166582,CENPV,201161,1.1292409647432429,2.083724878469886,3.633054148449321,0.0020487158046341536,0.07021962213592062,-1.2405289053761699
ENSG00000151715.8,2998,ENSG00000151715,TMEM45B,120224,0.88860114679404,3.2377754864710266,3.6380499907752117,0.0020591441431690896,0.07021962213592062,-1.2443200946190878
ENSG00000260027.5,1520,ENSG00000260027,HOXB7,3217,0.8296011065193936,1.8950739155745888,3.650575465344521,0.0019019351582112128,0.06840519331735921,-1.2444596381908566
ENSG00000119965.13,3083,ENSG00000119965,C10orf88,80007,0.30118885183666366,3.6210550638158634,3.699668942640104,0.0017072929791080418,0.06469420895834402,-1.2469440165172738
ENSG00000154153.13,4568,ENSG00000154153,FAM134B,54463,0.625400864727836,4.320312639644532,3.830002889426192,0.0014952082168300336,0.06143745917637643,-1.252482144454131
ENSG00000134851.13,7048,ENSG00000134851,TMEM165,55858,0.3419664472806687,4.966653072316126,3.753898203377327,0.0015153118917650556,0.061643751269931255,-1.256091374094959
ENSG00000160216.21,12315,ENSG00000160216,AGPAT3,56894,0.3492712327338996,5.168044626572151,3.7538618459310382,0.001515433093582193,0.061643751269931255,-1.2672651199623406
ENSG00000250722.6,5502,ENSG00000250722,SEPP1,6414,1.5843590220043682,7.229497986601488,3.8803615132369655,0.0015294214126650829,0.06180418028439401,-1.272007766252825
ENSG00000171067.11,3403,ENSG00000171067,C11orf24,53838,0.46812142923082023,4.046810805804431,3.6898966594646683,0.0017443852787836374,0.0653737649948429,-1.2773425303991965
ENSG00000100342.21,3458,ENSG00000100342,APOL1,8542,0.9663386893970589,2.0438067958899633,3.6002800195310374,0.002177563676934802,0.07134455450485579,-1.2806187844313701
ENSG00000053770.12,13019,ENSG00000053770,AP5M1,55745,0.24073208824842407,5.837427989564472,3.777268829360132,0.001439373869839968,0.0598998257488052,-1.2821298574437003
ENSG00000163814.8,6508,ENSG00000163814,CDCP1,64866,0.6927128858194811,3.8324257995701516,3.6453459829057184,0.001989897660082282,0.07019380559554994,-1.284221445592273
ENSG00000172954.13,7517,ENSG00000172954,LCLAT1,253558,0.40698821094122906,3.8498746509475383,3.6877542752929764,0.0017526238736470467,0.0653737649948429,-1.286926951870245
ENSG00000177943.14,5490,ENSG00000177943,MAMDC4,158056,1.0292116649261738,3.298952167894302,3.675380805392371,0.0021001518110501665,0.07092608185223002,-1.2899671366279684
ENSG00000124299.15,4477,ENSG00000124299,PEPD,5184,0.576825456444225,4.752894581541227,3.7105650489310857,0.001756034215224338,0.0653737649948429,-1.2965572227378495
ENSG00000026950.17,5539,ENSG00000026950,BTN3A1,11119,0.6019116119726462,3.8092951358243354,3.6495381911498948,0.0019331372707065359,0.06894314770486167,-1.3033486614854093
ENSG00000205220.12,1626,ENSG00000205220,PSMB10,5699,0.7780320476233269,2.3981173564880955,3.5760900570722196,0.0022402486269583843,0.07183692409270802,-1.3095569985044424
ENSG00000151746.15,12868,ENSG00000151746,BICD1,636,0.37418374679023536,5.088615038073468,3.732229483324659,0.0015892916641876541,0.06284118468458762,-1.3112959983727412
ENSG00000221792.1,101,ENSG00000221792,MIR1282,100302254,-0.4898533681146162,3.825137200055754,-3.651714376632517,0.0018971783185316223,0.06840519331735921,-1.313900615823429
ENSG00000069535.14,2895,ENSG00000069535,MAOB,4129,1.168098485250908,2.9588008694473564,3.6579871047900574,0.0022214852427132454,0.07142411643996222,-1.3164636743532583
ENSG00000112186.12,3346,ENSG00000112186,CAP2,10486,-0.32568415488788816,3.1850147418778803,-3.629112671730389,0.0019938325650017824,0.07019380559554994,-1.3239024948588147
ENSG00000072506.13,1112,ENSG00000072506,HSD17B10,3028,-0.37266990667993305,3.4716547403830575,-3.619839258421511,0.0020348941009199935,0.07021962213592062,-1.3357156896545872
ENSG00000159128.14,2960,ENSG00000159128,IFNGR2,3460,0.3604959185735046,5.672519768329003,3.744280305703584,0.0015477142664925394,0.06180418028439401,-1.3362013316993213
ENSG00000142279.13,13613,ENSG00000142279,WTIP,126374,-0.3608655711110984,4.6004962419857955,-3.6823460574674343,0.0017735943563588503,0.06583499517539616,-1.337279329261797
ENSG00000147535.17,4102,ENSG00000147535,PLPP5,84513,0.3402406841026684,3.2045443434411913,3.612452578392275,0.002068202819743185,0.07021962213592062,-1.3434995445695908
ENSG00000204682.8,3799,ENSG00000204682,CASC10,399726,-0.31329104827674925,5.548360926522668,-3.7450975409878193,0.0015449343254938278,0.06180418028439401,-1.3437099581257712
ENSG00000104537.17,3801,ENSG00000104537,ANXA13,312,1.540676513701622,4.093278946181178,3.7190963223617337,0.0020667644760025412,0.07021962213592062,-1.3550064763335996
ENSG00000225329.3,2375,ENSG00000225329,LHFPL3-AS2,723809,0.8778314903092248,3.0698856983286946,3.5861996598795307,0.002333355879057624,0.07299333428049551,-1.3635314026852985
ENSG00000040487.13,2686,ENSG00000040487,PQLC2,54896,0.40404160850631676,2.6629767443379233,3.583888412504476,0.002202191198235311,0.07134455450485579,-1.3642307292675628
ENSG00000019582.15,4780,ENSG00000019582,CD74,972,1.3726670895244202,3.4679945274519373,3.6423133786655324,0.00233963044342059,0.07301023236674252,-1.366192259200826
ENSG00000047597.7,5174,ENSG00000047597,XK,7504,0.7721356452295653,2.8036749450364407,3.557622442146301,0.0023522536123945607,0.07316356350232496,-1.3709349371485446
ENSG00000144136.11,5493,ENSG00000144136,SLC20A1,6574,0.27337830445734657,5.200516554197961,3.716486564550437,0.001645292145801857,0.06415630886616167,-1.3715840519305278
ENSG00000184574.10,2771,ENSG00000184574,LPAR5,57121,0.4219166705469557,3.4453807420690676,3.624761024169042,0.002012997378384943,0.07021962213592062,-1.3776551434601947
ENSG00000117500.13,9211,ENSG00000117500,TMED5,50999,0.22706648137374863,5.030528792708329,3.705279231341244,0.0016863548506248303,0.06447648636082685,-1.3840770723671145
ENSG00000102158.19,4862,ENSG00000102158,MAGT1,84061,0.2938306726218638,4.296305591377668,3.6530872764820264,0.0018914599433754687,0.06840519331735921,-1.3956000875868666
ENSG00000106628.10,3695,ENSG00000106628,POLD2,5425,-0.302316410606716,5.594755759249801,-3.7112470283435095,0.0016643636452162945,0.06447648636082685,-1.3963367654377867
ENSG00000130958.13,3827,ENSG00000130958,SLC35D2,11046,0.5878417980329864,3.0193392736978115,3.549995120608974,0.0023724135011945844,0.07349286787642202,-1.3990189135571338
ENSG00000171759.10,7378,ENSG00000171759,PAH,5053,1.2952642996539876,1.876720303996259,3.57026929843918,0.002562360468298278,0.07702959070902374,-1.405079454954313
ENSG00000106688.12,3974,ENSG00000106688,SLC1A1,6505,0.9459037820674185,2.5826287746239767,3.5598330093713693,0.0024973437546259862,0.07588587275393331,-1.4130157654400994
ENSG00000085662.14,3654,ENSG00000085662,AKR1B1,231,-0.4271406104266968,3.2471449139951374,-3.5604870106336066,0.0023183679839864713,0.07290638769072606,-1.4142229945092968
ENSG00000115271.11,5323,ENSG00000115271,GCA,25801,0.3697801337917377,3.4360767722587786,3.582347748732111,0.002209658623140123,0.07134455450485579,-1.4229117543383767
ENSG00000139192.12,3188,ENSG00000139192,TAPBPL,55080,0.6766529255378411,2.2009573082595146,3.512378124793949,0.0025766729601489897,0.07702959070902374,-1.4304617050280557
ENSG00000146232.17,2581,ENSG00000146232,NFKBIE,4794,0.5012790303044266,2.0344348229205504,3.512706599853602,0.002574815917022914,0.07702959070902374,-1.4311518621362396
ENSG00000148584.15,9603,ENSG00000148584,A1CF,29974,1.747468703913368,3.7563285683112544,3.6141622021294255,0.002491133552916627,0.07587825931993898,-1.4332654012853396
ENSG00000162302.13,3807,ENSG00000162302,RPS6KA4,8986,-0.29609708067916074,4.691016183535932,-3.656781867709613,0.001876156456776299,0.06805476925263772,-1.4439579810918204
ENSG00000171747.9,2226,ENSG00000171747,LGALS4,3960,1.4925632964853581,4.494342192739029,3.6923409225828583,0.0022120160773758694,0.07134455450485579,-1.4447230398624713
ENSG00000133731.10,4405,ENSG00000133731,IMPA1,3612,0.3324919864890634,3.727794187640093,3.5938552340668606,0.002154485745644289,0.07134455450485579,-1.4473765151035085
ENSG00000099617.4,2424,ENSG00000099617,EFNA2,1943,1.572042804805145,1.7639645798226709,3.5580933917145727,0.0027006144104982253,0.07832396964570251,-1.4512831363931413
ENSG00000100731.16,16715,ENSG00000100731,PCNX1,22990,0.2784216200685936,6.162178041844446,3.7020367398085807,0.0016984246851119817,0.06469420895834402,-1.4549502869068336
ENSG00000144115.17,7374,ENSG00000144115,THNSL2,55258,-0.6692680495293359,4.254528855215842,-3.6796676469275758,0.002034111300714847,0.07021962213592062,-1.4551698885886042
ENSG00000178882.15,3306,ENSG00000178882,FAM101A,144347,1.080763480593241,2.7626539524512363,3.539379018816579,0.0026989769711677765,0.07832396964570251,-1.4620159173325726
ENSG00000145819.18,17158,ENSG00000145819,ARHGAP26,23092,0.3838073077382109,4.989878489616518,3.6450184299349657,0.001925315956157832,0.06894314770486167,-1.4634686264346
ENSG00000164976.9,6447,ENSG00000164976,KIAA1161,57462,0.47432748480112563,3.7260209482987685,3.57386001141223,0.00225125139121823,0.07183692409270802,-1.4688183849216507
ENSG00000152229.18,4120,ENSG00000152229,PSTPIP2,9050,0.4605296347531054,2.711495998001253,3.5173426940277897,0.002548746824688038,0.07702959070902374,-1.4698538358194835
ENSG00000141698.17,2851,ENSG00000141698,NT5C3B,115024,-0.38451175423393735,4.782669017447972,-3.62156105354497,0.002027207075427175,0.07021962213592062,-1.477238739803334
ENSG00000245848.3,2601,ENSG00000245848,CEBPA,1050,0.7470774676289711,4.8695082782863786,3.6533822672881193,0.00218325588764587,0.07134455450485579,-1.4802355316873221
ENSG00000165556.10,3517,ENSG00000165556,CDX2,1045,1.459933625742854,3.4771259977309144,3.580300883512947,0.002659997537909693,0.07817442449624482,-1.4900364340492835
ENSG00000143353.12,2941,ENSG00000143353,LYPLAL1,127018,0.24750441707348436,4.658707253116652,3.6169726503467023,0.0020477566086184464,0.07021962213592062,-1.5002593412535479
ENSG00000137124.8,3117,ENSG00000137124,ALDH1B1,219,0.4553305436525883,4.246150425913823,3.5741841351478674,0.0022496488754272224,0.07183692409270802,-1.5141338916094265
ENSG00000101665.9,5033,ENSG00000101665,SMAD7,4092,0.31017195558397503,5.77345984700146,3.674375178910755,0.0018049585903299578,0.06661081962922036,-1.5142178348948505
ENSG00000157873.17,6219,ENSG00000157873,TNFRSF14,8764,0.9485971036863265,2.961521808564715,3.4920328167721366,0.0028443636035216523,0.08101663847883149,-1.5142547617375994
ENSG00000183023.18,21922,ENSG00000183023,SLC8A1,6546,0.5850634034305804,4.418964078083369,3.612769561060235,0.002213407086822026,0.07134455450485579,-1.5234999231161286
ENSG00000185304.15,7018,ENSG00000185304,RGPD2,729857,0.743859221301729,3.44905209927402,3.517494736300008,0.0026708981036652917,0.07817442449624482,-1.5277964425226287
ENSG00000142623.11,4903,ENSG00000142623,PADI1,29943,-0.7814268435345317,3.927491145161117,-3.53083879215411,0.002654800465745151,0.07817442449624482,-1.5338539644104587
ENSG00000197818.11,6946,ENSG00000197818,SLC9A8,23315,0.2546525346586952,4.148212122894833,3.586861424548432,0.0021878522004300047,0.07134455450485579,-1.5345036010719149
ENSG00000023318.8,4808,ENSG00000023318,ERP44,23071,0.3757024353662839,4.683477016373952,3.594534608396321,0.0021512716434312477,0.07134455450485579,-1.5365705832752168
ENSG00000173083.15,4687,ENSG00000173083,HPSE,10855,0.37564769961455635,4.0291745807342165,3.6076272456937426,0.002090254104264261,0.07077956184971429,-1.546960521019412
ENSG00000124181.14,9648,ENSG00000124181,PLCG1,5335,-0.23954221742170834,5.461627226600148,-3.628670610790515,0.001995771098459714,0.07019380559554994,-1.5491467144028244
ENSG00000165171.11,1450,ENSG00000165171,WBSCR27,155368,-0.9509830844123135,1.7377394154393635,-3.4799278898828425,0.002955202743908638,0.08200110718279827,-1.555663443360305
ENSG00000022976.15,5590,ENSG00000022976,ZNF839,55778,0.30330705674883873,3.74063024414406,3.5377239256785904,0.0024372141039054897,0.07459281243010744,-1.5561357018349167
ENSG00000158292.7,4198,ENSG00000158292,GPR153,387509,1.2271055198367242,2.164726191571747,3.471288327474968,0.003120270992081905,0.08399004285663174,-1.576962730646784
ENSG00000163359.16,19465,ENSG00000163359,COL6A3,1293,-0.9920346822143422,1.736205612344205,-3.440838776991759,0.003064870345464604,0.08338019068046013,-1.578142382223362
ENSG00000144468.17,6926,ENSG00000144468,RHBDD1,84236,0.25681052332376364,5.651867653310454,3.6328872630353737,0.001977356326664248,0.07017138998593041,-1.5784409444480705
ENSG00000056998.20,3621,ENSG00000056998,GYG2,8908,-0.41890443879709416,3.690333926076143,-3.498883599931184,0.0026541240896361443,0.07817442449624482,-1.57945341511755
ENSG00000188611.15,7276,ENSG00000188611,ASAH2,56624,0.7381163651168725,3.0712461257694397,3.487894872641642,0.0028426530236817815,0.08101663847883149,-1.5826602705061728
ENSG00000163131.11,4071,ENSG00000163131,CTSS,1520,1.2371718442311903,3.1844605045448815,3.4901846162401515,0.0031123197023294547,0.08395350519080215,-1.5846049579098933
ENSG00000174607.11,4385,ENSG00000174607,UGT8,7368,1.213708845583713,2.4536072555565815,3.478072244688556,0.003152560437005806,0.08426573550653325,-1.589771620389734
ENSG00000134369.15,22453,ENSG00000134369,NAV1,89796,-0.32961512444992014,4.809065225997378,-3.593661623440955,0.0021554025866788984,0.07134455450485579,-1.5945706269025441
ENSG00000179902.12,1235,ENSG00000179902,C1orf194,127003,-0.6438267349287661,2.812605583429186,-3.442975904364802,0.0030003541571356034,0.08245058172447774,-1.5951142100946303
ENSG00000157181.16,4073,ENSG00000157181,C1orf27,54953,0.29748587924289804,4.586296049813666,3.571674076754887,0.0022620886472785283,0.07189988765030372,-1.6008615173136898
ENSG00000163586.10,2416,ENSG00000163586,FABP1,2168,1.4445590516875648,2.506955197483752,3.47169066476165,0.00323553407722252,0.08493777293030334,-1.601445357501011
ENSG00000253313.6,1522,ENSG00000253313,C1orf210,149466,0.7245689952291166,3.0496586389260965,3.4618299182957584,0.0029564694324451255,0.08200110718279827,-1.605225824590705
ENSG00000126457.21,4796,ENSG00000126457,PRMT1,3276,-0.21938760009417724,5.3425955093639566,-3.599682549234028,0.0021270713664308044,0.07126808588788686,-1.612643047948887
ENSG00000183762.12,7977,ENSG00000183762,KREMEN1,83999,-0.26035611407463133,5.787557282979368,-3.616047897265612,0.002051923226590351,0.07021962213592062,-1.6185467320037477
ENSG00000205413.8,6855,ENSG00000205413,SAMD9,54809,0.45453782628990336,6.900785657260516,3.6478098499317153,0.002038214851196814,0.07021962213592062,-1.621186884494369
ENSG00000226950.7,2328,ENSG00000226950,DANCR,57291,-0.34918490517402656,4.48055899507216,-3.5477958422523175,0.002383900055053776,0.07366945509938029,-1.6230481095410232
ENSG00000125730.17,8296,ENSG00000125730,C3,718,1.0155227102791575,3.411319430861199,3.4295091726956524,0.0032685627890464354,0.08562827454761156,-1.6272669356367366
ENSG00000109674.4,2914,ENSG00000109674,NEIL3,55247,0.4597331479110971,3.4106113970906953,3.4312575251876716,0.0030784076766393865,0.0833920990190908,-1.6325366795928877
ENSG00000072958.8,14371,ENSG00000072958,AP1M1,8907,-0.26080347574431517,4.5607301095295965,-3.545661092214556,0.0023951024123470385,0.07383642594189466,-1.6354348346447312
ENSG00000102755.12,12565,ENSG00000102755,FLT1,2321,0.5393436190338003,1.6957842802615666,3.4187975600440077,0.00316360521301625,0.08426573550653325,-1.6361766061403262
ENSG00000154265.16,13158,ENSG00000154265,ABCA5,23461,0.49300978799424167,4.125074181729898,3.51119108178141,0.0025833950262529864,0.07702994256265346,-1.6467639633483122
ENSG00000164032.12,2270,ENSG00000164032,H2AFZ,3015,-0.21930968086582947,6.008026718881271,-3.6024497756660723,0.0021141748513400067,0.07121077832608722,-1.6478678477411188
ENSG00000167904.15,8574,ENSG00000167904,TMEM68,137695,0.29625335711394296,3.5577463369842968,3.5193380914009795,0.0025376073389903153,0.0769257539048207,-1.6498363865549237
ENSG00000116774.12,2821,ENSG00000116774,OLFML3,56944,0.4524596541763013,4.0587053863071665,3.506071398987898,0.0026125869928023088,0.07771835886065186,-1.6520358720461683
ENSG00000180488.15,10128,ENSG00000180488,MIGA1,374986,0.18849336095858416,5.476887815047268,3.5948910490751964,0.002149587239859584,0.07134455450485579,-1.6525651789202174
ENSG00000108187.16,5172,ENSG00000108187,PBLD,64081,1.0293976594207588,4.399918946891663,3.5427016710579196,0.0028753038928500513,0.08128992547195218,-1.6631103516266013
ENSG00000143061.18,7400,ENSG00000143061,IGSF3,3321,0.3216141026189536,4.97568432802303,3.5897601053441153,0.002173961105276606,0.07134455450485579,-1.663862827670667
ENSG00000231064.7,2466,ENSG00000231064,MIR92B,693235,-0.5095569820154722,1.611515924823063,-3.3812772063605205,0.003434491519867391,0.08734552580706974,-1.6768768084291459
ENSG00000117620.15,18235,ENSG00000117620,SLC35A3,23443,0.2505712017485484,5.419578225792787,3.5839636933109418,0.002201826964278992,0.07134455450485579,-1.6772090758758358
ENSG00000132109.10,1935,ENSG00000132109,TRIM21,6737,0.37392471631522284,5.728031044267058,3.5846453683117905,0.0021985315163337363,0.07134455450485579,-1.686115151476944
ENSG00000177663.14,9036,ENSG00000177663,IL17RA,23765,0.30812836119746034,3.6936737684813474,3.4860454951726316,0.0027299491981271577,0.078815676169058893,-1.6870848355004266
ENSG00000105928.16,8598,ENSG00000105928,DFNA5,1687,0.934968988420908,2.530726698200208,3.407615482642127,0.0034507382564370154,0.08734552580706974,-1.6922576682312958
ENSG00000164414.18,1994,ENSG00000164414,SLC35A1,10559,0.5749352656940396,1.69964378637031,3.3759165566443365,0.003475020312085678,0.08759111296862046,-1.6925389473923333
ENSG00000152315.5,2289,ENSG00000152315,KCNK13,56659,0.8617142468130512,1.3672102147592806,3.3776545096009505,0.0035017182297382827,0.08759111296862046,-1.6959449771073976
ENSG00000092871.17,8367,ENSG00000092871,RFFL,117584,0.27158162658744,5.469572719282785,3.559215852460676,0.0023248502515264514,0.07290638769072606,-1.7058732187861123
ENSG00000154822.18,5160,ENSG00000154822,PLCL2,23228,0.2508982399595103,5.604379805504678,3.571185305373717,0.0022645189245815104,0.07189988765030372,-1.7125252273910787
ENSG00000115109.14,9209,ENSG00000115109,EPB41L5,57669,0.32762333026637513,6.7722438779483145,3.5834476340475105,0.0022043250358789505,0.07134455450485579,-1.716611257889733
ENSG00000119042.17,10958,ENSG00000119042,SATB2,23314,0.8756990992486084,3.068861777828295,3.3841455434678007,0.003556401532336255,0.08762823603471115,-1.7185582530746082
ENSG00000135838.13,4975,ENSG00000135838,NPL,80896,0.7614055393963084,3.2548356704882777,3.386443809823354,0.003466367040897548,0.0875670340569595,-1.720550998246325
ENSG00000178852.16,6678,ENSG00000178852,EFCAB13,124989,0.44947498320513857,4.192412186907393,3.4315136710913796,0.003076680253716146,0.0833920990190908,-1.7225202418952312
ENSG00000155622.7,627,ENSG00000155622,XAGE2,9502,-0.6352635117291365,4.756013126961631,-3.5625472076326905,0.0026245815958089616,0.07789317687142121,-1.731535231569108
ENSG00000076641.4,11023,ENSG00000076641,PAG1,55824,0.3504049157761191,5.231471232278364,3.5596801614086298,0.002322480424372796,0.07290638769072606,-1.7321475525964303
ENSG00000175970.11,5172,ENSG00000175970,UNC119B,84747,-0.24725649194040233,5.985885820276414,-3.5691067386757602,0.00227488302654822,0.07204928033336302,-1.7336544561122098
ENSG00000225361.4,4184,ENSG00000225361,PPP1R26-AS1,100506599,0.5004577941601964,1.9879153953714608,3.350141876035286,0.003676577357923115,0.08933241015472729,-1.7378027502911557
ENSG00000134769.21,12634,ENSG00000134769,DTNA,1837,0.3794177771281859,3.1343318503460416,3.4172188832866817,0.0031745648689696705,0.08438112716434623,-1.7388179264029135
ENSG00000171431.4,1913,ENSG00000171431,KRT20,54474,1.1724499109732611,3.727059488997183,3.4475292410479215,0.0035015180607832733,0.08759111296862046,-1.7481948456057976
ENSG00000166822.13,5572,ENSG00000166822,TMEM170A,124491,0.24445716631300574,5.558675865306059,3.5531490450817365,0.002356036839141787,0.07316356350232496,-1.7499241740911353
ENSG00000106025.9,3309,ENSG00000106025,TSPAN12,23554,0.4171089996072519,4.440706104126293,3.4919361974463765,0.002694894202858515,0.07832396964570251,-1.750269680048568
ENSG00000166734.20,7105,ENSG00000166734,CASC4,113201,0.22609486478457708,6.532400085429906,3.566047480499457,0.0022902228430338577,0.07235512962160565,-1.751960495136263
ENSG00000130723.20,12390,ENSG00000130723,PRRC2B,84726,-0.18142274730527674,8.286670667061433,-3.5444682441372253,0.0024013847789520057,0.07385128262226313,-1.7538343309910065
ENSG00000141655.17,8995,ENSG00000141655,TNFRSF11A,8792,0.8343210915954471,2.0786976014055303,3.3441222353367435,0.003725288063790746,0.08966043029902415,-1.753944505561459
ENSG00000023445.16,7518,ENSG00000023445,BIRC3,330,0.6751791668835678,3.7822202385694275,3.390016839848495,0.0034330597052943885,0.08734552580706974,-1.7565161403762808
ENSG00000117791.16,2597,ENSG00000117791,MARC2,54996,0.6231168633610289,2.59581356141765,3.352289572245238,0.003659350823485828,0.0890838521694485,-1.758139633694797
ENSG00000149418.11,4116,ENSG00000149418,ST14,6768,0.6660455065846724,4.159780656597908,3.4405369763241236,0.00321346633322885,0.08470777092064123,-1.7697929822178171
ENSG00000148175.13,3199,ENSG00000148175,STOM,2040,0.6006123281651297,3.97243191356271,3.4660744190245723,0.0030316389378204876,0.08266617666676743,-1.7776571019956942
ENSG00000183580.10,4870,ENSG00000183580,FBXL7,23194,-0.33026386626771664,4.002331605516989,-3.4639147183381365,0.0028657328149211867,0.08128992547195218,-1.7792842709551273
ENSG00000102871.16,2173,ENSG00000102871,TRADD,8717,-0.29091130335676585,3.511685807324956,-3.392752952204324,0.0033492931487103146,0.08660780628456033,-1.7927927308364273
ENSG00000130821.16,5666,ENSG00000130821,SLC6A8,6535,1.0281605946761139,4.338571831387137,3.4739946402674486,0.003314826944229604,0.08648437838920352,-1.794894313142736
ENSG00000141744.4,1162,ENSG00000141744,PNMT,5409,-0.6476372099150121,3.2929933156645737,-3.3976814128024313,0.0034303643204666306,0.08734552580706974,-1.7958732696051651
ENSG00000151687.14,5758,ENSG00000151687,ANKAR,150709,0.30925469586840704,4.410279684108145,3.442300898793294,0.003004796569286653,0.08245058172447774,-1.7976072716463491
ENSG00000146433.8,5390,ENSG00000146433,TMEM181,57583,0.29133465890126864,4.6142676718471645,3.4773438232272835,0.0027825605843272224,0.07997192180508848,-1.7981664964630806
ENSG00000203778.8,2551,ENSG00000203778,FAM229B,619208,-0.4017247295207831,2.7641292583076695,-3.337135715162291,0.0037826213398972916,0.09022367956272069,-1.799888905023784
ENSG00000077147.16,7494,ENSG00000077147,TM9SF3,56889,0.19651087297507175,6.565973863114074,3.5417299014020234,0.0024158687680324786,0.07411768952913136,-1.8035038649230417
ENSG00000159640.16,8365,ENSG00000159640,ACE,1636,1.658182498246661,2.638569792738306,3.374358810434026,0.004074094814395949,0.09450503317404255,-1.8037220665776452
ENSG00000025039.15,5095,ENSG00000025039,RRAGD,58528,0.6645548914214237,5.140380112775539,3.5138608450275766,0.0029166223455268777,0.08161414440274331,-1.8070518567953107
ENSG00000142632.17,3788,ENSG00000142632,ARHGEF19,128272,-0.2708109598234616,4.98503163541328,-3.4886729157185927,0.00271425817318597,0.0785407615022813,-1.8071655190407077
ENSG00000148219.16,8290,ENSG00000148219,ASTN2,23245,0.5408704408814491,1.7585194426837985,3.3104414357714993,0.0040098059604836206,0.09333244879136647,-1.811525946511087
ENSG00000124212.6,5570,ENSG00000124212,PTGIS,5740,-0.8223611769738057,1.9167895713477292,-3.3639095090694777,0.0037893442465425564,0.09022367956272069,-1.8126729841071159
ENSG00000139508.15,3776,ENSG00000139508,SLC46A3,283537,1.717331110174718,2.3428448247262295,3.361432818260129,0.004184534654531397,0.09547938211737231,-1.816569293089703
ENSG00000139874.6,4390,ENSG00000139874,SSTR1,6751,1.359440140494488,1.5099370395430953,3.358901315361885,0.0041528072841339764,0.09522319819233184,-1.821354565058284
ENSG00000151292.17,5000,ENSG00000151292,CSNK1G3,1456,0.18855774929778946,7.270680036498314,3.530627888176771,0.0024754850681785014,0.07558243618237093,-1.8216449229454517
ENSG00000100336.17,4377,ENSG00000100336,APOL4,80832,0.7026752188865262,2.0629165455864027,3.303052873430846,0.004075028527532937,0.09450503317404255,-1.823625706807226
ENSG00000087085.15,4074,ENSG00000087085,ACHE,43,0.8777938925758524,2.1566238360212524,3.335060708835813,0.003999145681539827,0.09333244879136647,-1.8261792237408745
ENSG00000213366.13,9116,ENSG00000213366,GSTM2,2946,-0.6378600663145098,2.5275003776625744,-3.322954651427069,0.003901683702161983,0.09225163241073694,-1.8273616743205858
ENSG00000100968.14,8437,ENSG00000100968,NFATC4,4776,-0.2679090145766887,4.250415560605042,-3.4381690124856856,0.0030321319905262634,0.08266617666676743,-1.8282771416006334
ENSG00000177191.2,1874,ENSG00000177191,B3GNT8,374907,0.5410736477593634,2.282807839269794,3.2990080797024137,0.0041111754304599,0.09465368097760479,-1.8298997009894888
ENSG00000173702.7,3499,ENSG00000173702,MUC13,56667,1.726293020782542,6.692969958342273,3.5870572271240833,0.0027716680094096767,0.07983908845204526,-1.8429714097838135
ENSG00000264230.9,2860,ENSG00000264230,ANXA8L1,643650,-0.4513334181250759,6.939137036178628,-3.541549865077697,0.002577333148134159,0.07702959070902374,-1.843806930634459
ENSG00000196562.14,6657,ENSG00000196562,SULF2,55959,0.6403796299915951,4.3045803448489,3.5224362280592465,0.00288817488631581,0.08128992547195218,-1.8457188784882153
ENSG00000167840.13,2794,ENSG00000167840,ZNF232,7775,-0.433759826440713,3.4298972932694194,-3.382476471731085,0.003425488669490252,0.08734552580706974,-1.8478237643837598
ENSG00000005020.13,5361,ENSG00000005020,SKAP2,8935,0.325741540646896,5.412184209290943,3.4971306693032274,0.00266435292187024,0.07817442449624482,-1.8505322900113716
ENSG00000156966.7,3639,ENSG00000156966,B3GNT7,93010,0.6945723879433152,3.3662096899808063,3.358188314197612,0.003763994647080835,0.09022367956272069,-1.853429692785265
ENSG00000259905.7,24226,ENSG00000259905,PWRN1,791114,0.9754627093440753,3.259939507765367,3.364170127595134,0.003994360914379517,0.09333244879136647,-1.8543157993978916
ENSG00000160712.13,6453,ENSG00000160712,IL6R,3570,0.7152771889738787,1.7644300859323472,3.2999619599134973,0.004102622586999926,0.09465368097760479,-1.8570349185411272
ENSG00000100612.14,3249,ENSG00000100612,DHRS7,51635,0.507848252124544,3.2632077279822607,3.3680197538806524,0.0035355852753957335,0.08762823603471115,-1.8588126280705541
ENSG00000185101.13,6207,ENSG00000185101,ANO9,338440,1.042803869379258,1.6388386383014968,3.2922772029819747,0.004208749613299288,0.09551836020771218,-1.859403149407739
ENSG00000169876.14,14693,ENSG00000169876,MUC17,140453,1.7731660286714295,6.3376445562192405,3.5678344602017975,0.0028820931144675405,0.08128992547195218,-1.8597873341176099
ENSG00000073849.15,9134,ENSG00000073849,ST6GAL1,6480,0.6762166228708724,3.3828463748472615,3.3348563459226948,0.003877364640007102,0.0919303661016209,-1.862289348831089
ENSG00000109184.15,7625,ENSG00000109184,DCUN1D4,23142,0.18305628426791287,6.215034535947364,3.512458972408565,0.002576215762607997,0.07702959070902374,-1.863704060732438
ENSG00000254087.8,6164,ENSG00000254087,LYN,4067,0.317090761360479,5.006824682037482,3.452116981978394,0.0029408303822276625,0.08200110718279827,-1.8684839563044209
ENSG00000144852.18,5381,ENSG00000144852,NR1I2,8856,1.325787744519237,1.5480491098916216,3.3234046341774994,0.00440094824844125,0.09796847736964313,-1.8686657482472695
ENSG00000135549.15,3432,ENSG00000135549,PKIB,5570,1.2882480158459384,2.6298108546423213,3.3261070176480834,0.004386235039453566,0.09796847736964313,-1.8736293126714925
ENSG00000116833.14,7543,ENSG00000116833,NR5A2,2494,1.702119014984073,2.0701683446497956,3.3276240371938117,0.004487688575890849,0.09868099115766586,-1.8797973499919287
