Geneid,Length,Ensembl,symbol,entrezid,logFC,logCPM,LR,PValue,FDR
ENSG00000130303.13,1101,ENSG00000130303,BST2,684,2.9991795743832665,3.743994986382808,77.13125696683835,1.599655348285564e-18,2.03668118943718e-14
ENSG00000206337.12,11058,ENSG00000206337,HCP5,10866,4.2490694547576835,3.762132473371661,64.0150926235129,1.2346970442887581e-15,7.860081383942235e-12
ENSG00000140853.15,12386,ENSG00000140853,NLRC5,84166,2.3831863024606594,3.0809833455173776,53.36322992623548,2.77237820504203e-13,1.1765973102198374e-9
ENSG00000138646.9,4764,ENSG00000138646,HERC5,51191,2.5746999378339197,3.082940363763682,52.64308285422261,4.0001727276477314e-13,1.2732549792102729e-9
ENSG00000137628.17,6746,ENSG00000137628,DDX60,55601,1.3610799906684963,6.3607664580512795,43.797530905452966,3.641641614170071e-11,9.273076206322669e-8
ENSG00000225492.6,2352,ENSG00000225492,GBP1P1,400759,1.6232358922354895,2.4751983686648145,42.69792480703231,6.388002206039547e-11,1.3555340681215918e-7
ENSG00000115415.20,9770,ENSG00000115415,STAT1,6772,1.0686908744614316,8.158456832460356,42.32466549534101,7.731134766161759e-11,1.4061829691824503e-7
ENSG00000137965.11,2038,ENSG00000137965,IFI44,10561,1.5593265499658266,5.027354583246107,40.012546589123026,2.523368588191784e-10,4.015941108107224e-7
ENSG00000157601.14,8616,ENSG00000157601,MX1,4599,1.3964537520179459,7.263060794269135,39.4961286680698,3.287104296794119e-10,4.6501568785314137e-7
ENSG00000132530.17,6615,ENSG00000132530,XAF1,54739,2.1734852484748766,5.946510535401804,38.030995906880044,6.962962253233201e-10,8.865243540816512e-7
ENSG00000234745.11,3051,ENSG00000234745,HLA-B,3106,2.268431812945604,5.867724264844589,37.663991580750476,8.404169589663221e-10,9.727444292326557e-7
ENSG00000137752.24,3698,ENSG00000137752,CASP1,834,1.5072663275989406,3.340189412525616,36.554883845198646,1.4842761580952349e-9,1.5748170037390442e-6
ENSG00000165171.11,1450,ENSG00000165171,WBSCR27,155368,-1.4315237659447262,2.2243082633276066,35.15397227961614,3.046393676229724e-9,2.9835910989043726e-6
ENSG00000115267.8,5094,ENSG00000115267,IFIH1,64135,0.9467385832964211,5.837570666241628,33.83800760944807,5.989717298279049e-9,5.4472200458349186e-6
ENSG00000165949.12,4147,ENSG00000165949,IFI27,3429,2.3294765121866763,5.374826710324327,32.45948829109795,1.2170329176037069e-8,1.0330175404620263e-5
ENSG00000111331.13,8161,ENSG00000111331,OAS3,4940,1.2068453648748387,6.858141379195919,30.030459061099748,4.253128818991259e-8,3.384427257712294e-5
ENSG00000183486.13,12994,ENSG00000183486,MX2,4600,1.825419380385151,4.397120399777146,29.788765095887968,4.817758274656444e-8,3.6082175501721084e-5
ENSG00000134321.12,4722,ENSG00000134321,RSAD2,91543,1.6101208154373639,4.319776839537602,29.632537325838147,5.222096214375242e-8,3.693762722301421e-5
ENSG00000107201.10,4640,ENSG00000107201,DDX58,23586,0.9820817646255807,5.845032485972207,28.781794572368156,8.100902862355572e-8,5.428457644395323e-5
ENSG00000109472.14,3119,ENSG00000109472,CPE,1363,1.4524585794503935,2.2739220638254647,28.58511326127323,8.96689187812126e-8,5.708323369611994e-5
ENSG00000117228.10,4862,ENSG00000117228,GBP1,2633,1.6249352785218876,4.688662323861014,28.412087058685913,9.80512190654197e-8,5.944705338766303e-5
ENSG00000196684.12,3398,ENSG00000196684,HSH2D,84941,1.3560476057945823,2.6571546230555003,27.86494071762512,1.300856549649888e-7,7.528411631882898e-5
ENSG00000100170.10,5081,ENSG00000100170,SLC5A1,6523,1.5177188718501196,3.0572701400485975,27.579907404738115,1.507364895088639e-7,8.344247758377631e-5
ENSG00000162654.9,6141,ENSG00000162654,GBP4,115361,1.5191435980658068,3.6443057288463128,27.27083314901624,1.7685921310006497e-7,9.382381254958446e-5
ENSG00000134326.11,4302,ENSG00000134326,CMPK2,129607,1.4803273712173812,4.759711446190326,27.019906641764774,2.0137091661690873e-7,1.0255418041465927e-4
ENSG00000137959.16,10240,ENSG00000137959,IFI44L,10964,1.9693085027002932,7.887462145653964,26.787264592439477,2.2712925466799484e-7,1.1122344886280424e-4
ENSG00000206503.13,2710,ENSG00000206503,HLA-A,3105,1.49368286958619,5.5946573279254315,25.858094874416594,3.674604339791997e-7,1.7327800908974707e-4
ENSG00000197142.10,4236,ENSG00000197142,ACSL5,51703,1.5358298965944748,3.707584991048956,25.420984981378837,4.608773586352867e-7,2.0956751893373108e-4
ENSG00000138642.15,5779,ENSG00000138642,HERC6,55008,1.410736758294787,5.400769040578914,24.93316001512911,5.935270406918975e-7,2.6057883731342207e-4
ENSG00000138496.16,8938,ENSG00000138496,PARP9,83666,0.7604826141974009,6.982561578341418,23.588358618024152,1.1930713402226224e-6,5.063394767904809e-4
ENSG00000105227.15,6250,ENSG00000105227,PRX,57716,-0.8501334310497719,6.975250840171299,21.780361476317104,3.057133755935197e-6,0.0012555944187279653
ENSG00000177409.12,7150,ENSG00000177409,SAMD9L,219285,1.097956750528191,5.472537983832308,21.270264620788232,3.988711257456508e-6,0.001587008491560508
ENSG00000119917.14,2537,ENSG00000119917,IFIT3,3437,1.1319662402167379,6.362653677451248,21.205977220206616,4.124761433350309e-6,0.0015914079566489738
ENSG00000187608.10,867,ENSG00000187608,ISG15,9636,0.992265023822212,5.722176137404893,20.713167501412475,5.334788761010925e-6,0.0019977214854467974
ENSG00000089127.13,4941,ENSG00000089127,OAS1,4938,1.0600504506548716,5.801654462757542,20.56680828912441,5.758593647120173e-6,0.002088400504313618
ENSG00000221963.6,10065,ENSG00000221963,APOL6,80830,0.7157740500918713,6.546220148885219,20.518750254336034,5.904996713422105e-6,0.002088400504313618
ENSG00000204525.16,2507,ENSG00000204525,HLA-C,3107,0.8282304067486511,5.940617588777368,20.309030561924224,6.588886764076147e-6,0.0022435549992866014
ENSG00000163840.10,5768,ENSG00000163840,DTX3L,151636,0.5838552886253321,7.914760299873963,20.278140502571738,6.696127079240564e-6,0.0022435549992866014
ENSG00000183346.7,1789,ENSG00000183346,C10orf107,219621,-0.7846772125486335,4.239859765886839,20.192735690112983,7.001832437714156e-6,0.0022858289896660676
ENSG00000111335.13,6264,ENSG00000111335,OAS2,4939,1.6182065830106125,6.40675714439441,19.643432592513452,9.332351705078763e-6,0.0029704875477265706
ENSG00000184979.10,1858,ENSG00000184979,USP18,11274,1.0272702219504515,3.4658611178952072,19.232961952172367,1.1569834155349065e-5,0.0035928567918513247
ENSG00000119922.10,4074,ENSG00000119922,IFIT2,3433,0.6545499416290979,5.216348644586481,19.15645853902888,1.2042932226629078e-5,0.0036507288835581292
ENSG00000204264.12,3480,ENSG00000204264,PSMB8,5696,0.7818482825082528,4.407750981109105,18.987353174360848,1.315877411317292e-5,0.0038962212095097117
ENSG00000134184.13,2512,ENSG00000134184,GSTM1,2944,-1.9281303119278408,3.8290169655503883,17.762307397945953,2.5029305664298648e-5,0.007242570902678418
ENSG00000121858.11,3441,ENSG00000121858,TNFSF10,8743,0.8436699262093158,3.993184445208691,17.513501711572115,2.852746046817226e-5,0.008071369481794871
ENSG00000142623.11,4903,ENSG00000142623,PADI1,29943,-0.8729251809233204,4.225096487755872,17.265959626288613,3.249565037666863e-5,0.008994230882516196
ENSG00000196188.11,2657,ENSG00000196188,CTSE,1510,1.3111554895335389,2.4779998990578296,17.008312253104403,3.721653349301668e-5,0.010081721370916775
ENSG00000124201.15,9340,ENSG00000124201,ZNFX1,57169,0.42769374475954036,7.284535570325391,16.783370833251965,4.189886959635167e-5,0.01111367516043228
ENSG00000106785.15,5481,ENSG00000106785,TRIM14,9830,0.5518565380303929,6.368386600775315,16.738777788745512,4.289522753953098e-5,0.01114575585782262
ENSG00000173706.14,9964,ENSG00000173706,HEG1,57493,0.3967550075305601,6.466751460002081,16.498995271782977,4.867586130983046e-5,0.012394821323935228
ENSG00000204740.11,7751,ENSG00000204740,MALRD1,340895,1.1555747577809192,3.5379813635890165,16.353393541400244,5.2561961315598035e-05,0.01312193904843518
ENSG00000168394.11,4805,ENSG00000168394,TAP1,6890,0.9104858825484923,2.942076619153359,15.799975038714845,7.040343708057836e-5,0.0172380107867293
ENSG00000187908.19,9379,ENSG00000187908,DMBT1,1755,1.0178821125941173,3.449352347500414,14.810346335730529,1.1888148646829105e-4,0.028558473315363805
ENSG00000181381.13,12156,ENSG00000181381,DDX60L,91351,0.6221167032781902,5.456126362906225,14.71093586049538,1.253173747334699e-4,0.02954705213160257
ENSG00000140105.18,6356,ENSG00000140105,WARS,7453,0.7225812993858935,5.811787899192275,14.643351303836244,1.2989203973656194e-4,0.030068826362289212
ENSG00000168961.17,5714,ENSG00000168961,LGALS9,3965,0.8598955292158457,4.03628943753012,14.352886892207108,1.515471449620395e-4,0.034455325886726555
ENSG00000188313.13,4332,ENSG00000188313,PLSCR1,5359,0.6016566708024738,6.855251334719978,14.310527026659756,1.5499567825764488e-4,0.03462113992239184
ENSG00000168016.14,12174,ENSG00000168016,TRANK1,9881,0.6188069191252967,4.383583773829191,14.097465149444314,1.7357754288812284e-4,0.038103263380199655
ENSG00000116774.12,2821,ENSG00000116774,OLFML3,56944,0.5832416532853568,4.213990759056571,13.935857844060584,1.8915534547378788e-4,0.04081908234868249
ENSG00000196436.8,1702,ENSG00000196436,NPIPB15,440348,-1.3039025669261652,1.9567307296890806,13.781985726407044,2.0529532133564638e-4,0.04356366718742416
ENSG00000257743.8,8162,ENSG00000257743,MGAM2,93432,1.4099065586050918,3.334499962914142,13.719523669544078,2.122366903562315e-4,0.044298320354353105
ENSG00000150527.17,10539,ENSG00000150527,CTAGE5,4253,0.46265838261931813,5.245176686977124,13.505043701412024,2.3792310499567464e-4,0.04885866085169241
ENSG00000117280.13,3904,ENSG00000117280,RAB29,8934,0.6515441141187743,5.021996141896287,13.463022594444137,2.4331146195921796e-4,0.049172087835948626
ENSG00000113494.17,13006,ENSG00000113494,PRLR,5618,0.6223328840403075,5.226960675923735,13.307163536830252,2.643940311154919e-4,0.05250315567131087
ENSG00000152778.9,4029,ENSG00000152778,IFIT5,24138,0.5327038939146809,6.01830926477776,13.281474800020044,2.680415581711598e-4,0.05250315567131087
ENSG00000038427.16,14678,ENSG00000038427,VCAN,1462,-0.8065865142911737,4.6821465720062925,12.999612080545539,3.1155551412443756e-4,0.06010189099745968
ENSG00000111885.7,5018,ENSG00000111885,MAN1A1,4121,0.6060060930451732,4.131735974897926,12.951585182588708,3.196507160692863e-4,0.060743177865584384
ENSG00000056998.20,3621,ENSG00000056998,GYG2,8908,-0.5296546992960687,3.7777235951883603,12.520137435857126,4.025892742977404e-4,0.0744100306339864
ENSG00000055332.18,10753,ENSG00000055332,EIF2AK2,5610,0.45788431312691247,8.412501452932657,12.517032407633696,4.032588842086916e-4,0.0744100306339864
ENSG00000119888.11,2430,ENSG00000119888,EPCAM,4072,0.5953111391355215,5.659983133557305,12.453683013675235,4.171684146357338e-4,0.07587697507345946
ENSG00000160710.17,9629,ENSG00000160710,ADAR,103,0.37355089481093384,8.668317095296878,12.41353621017095,4.262329804807269e-4,0.07643377897860021
ENSG00000226210.3,1817,ENSG00000226210,WASH7P,653635,-0.8306143312925585,3.7486719603366896,12.204747197917444,4.7668061358090776e-4,0.08429302183489053
ENSG00000117226.12,4284,ENSG00000117226,GBP3,2635,0.6616492771505559,5.973755065795565,12.173874421305138,4.846353551638347e-4,0.08452571701295812
ENSG00000092421.16,10956,ENSG00000092421,SEMA6A,57556,0.7723338266815869,3.4390948244271695,12.138360927111405,4.939516960154913e-4,0.08498639180634102
ENSG00000152315.5,2289,ENSG00000152315,KCNK13,56659,0.998104363856929,1.9240183182067143,12.062434654128218,5.144805758803853e-4,0.0873382225614542
ENSG00000124602.10,3156,ENSG00000124602,UNC5CL,222643,1.1194797226543045,3.3088293638278237,11.990152712458645,5.348240695384095e-4,0.08959710596530301
ENSG00000180287.17,9546,ENSG00000180287,PLD5,200150,-2.586378811880762,2.501505360594148,11.814983609180988,5.875594960519594e-4,0.09715334420433178
ENSG00000179902.12,1235,ENSG00000179902,C1orf194,127003,-0.7549579648949958,3.0423502276493686,11.606307919818438,6.572850557567732e-4,0.10728914525506712
ENSG00000136158.12,3213,ENSG00000136158,SPRY2,10253,0.5792638487161853,5.835077988226508,11.572013748401034,6.69518716777537e-4,0.10779701573977467
ENSG00000133135.14,3418,ENSG00000133135,RNF128,79589,0.8689043225211673,2.0846895073619414,11.550447115732826,6.773296622040507e-4,0.10779701573977467
ENSG00000158022.6,2573,ENSG00000158022,TRIM63,84676,0.827287614079137,2.0966104419699625,11.475471210161958,7.052076491094951e-4,0.11084819491928509
ENSG00000133106.14,4924,ENSG00000133106,EPSTI1,94240,0.8309123677588099,6.4819861060844675,11.287965435259867,7.801112569172493e-4,0.11990322567101831
ENSG00000164251.5,2930,ENSG00000164251,F2RL1,2150,0.7905649351403147,4.0160898543608265,11.284307125816493,7.816499945565912e-4,0.11990322567101831
ENSG00000130589.16,12066,ENSG00000130589,HELZ2,85441,0.7154869647726068,5.3890804189624575,11.210065432402496,8.135485107794673e-4,0.12312586592135208
ENSG00000103460.17,6754,ENSG00000103460,TOX3,27324,0.3880557534821008,5.4619303823831435,11.190888887184798,8.219995761321809e-4,0.12312586592135208
ENSG00000067066.17,14134,ENSG00000067066,SP100,6672,0.49505351347984744,7.503474186677068,11.14547251468543,8.423701326492696e-4,0.12470995963826162
ENSG00000110446.11,6509,ENSG00000110446,SLC15A3,51296,0.8744580824512842,3.8521787069250286,11.00873797248134,9.068336858063866e-4,0.13271041939870015
ENSG00000184434.8,3588,ENSG00000184434,LRRC19,64922,1.5685632838666295,4.011495490906656,10.954780231511194,9.336244484011111e-4,0.13507848269366987
ENSG00000115423.19,13514,ENSG00000115423,DNAH6,1768,-0.5629349967308138,4.290148535365147,10.870710659385344,9.76970342344281e-4,0.13976164492952117
ENSG00000119125.17,7904,ENSG00000119125,GDA,9615,1.1942285318588768,4.740699509263456,10.844298950667657,9.910039120146178e-4,0.13984389365001793
ENSG00000114455.13,3627,ENSG00000114455,HHLA2,11148,1.1962632764691532,4.345213214556408,10.814679796671676,0.0010069843909378997,0.13984389365001793
ENSG00000156587.16,2062,ENSG00000156587,UBE2L6,9246,0.7591586379037301,5.406089204734582,10.808234445212944,0.001010496246921273,0.13984389365001793
ENSG00000154358.21,39549,ENSG00000154358,OBSCN,84033,-0.3754829562111571,5.853294031463344,10.763671461857637,0.001035118399556756,0.14021172477680482
ENSG00000179914.5,1492,ENSG00000179914,ITLN1,55600,1.636103245958454,3.343925155532217,10.763562674960188,0.0010351792435610786,0.14021172477680482
ENSG00000164308.17,6953,ENSG00000164308,ERAP2,64167,0.9699680834624648,2.3700026413049438,10.622875354958108,0.0011169722964789915,0.14859527900251496
ENSG00000111801.16,5658,ENSG00000111801,BTN3A3,10384,0.7119086355719362,3.219867835287966,10.609720726479848,0.0011249467921035066,0.14859527900251496
ENSG00000224189.8,5120,ENSG00000224189,HAGLR,401022,0.8126469019990167,1.8794815683025325,10.597391066704942,0.0011324734698496244,0.14859527900251496
ENSG00000118503.15,5025,ENSG00000118503,TNFAIP3,7128,0.5346604855053352,7.32164587711922,10.579058694711897,0.0011437588236134517,0.14859527900251496
ENSG00000112175.8,3970,ENSG00000112175,BMP5,653,0.7512451783495172,2.404289931399428,10.38125196990436,0.0012730134354718506,0.16371724303462223
ENSG00000110244.7,1471,ENSG00000110244,APOA4,337,1.5967495008530268,5.594551877279675,10.267478022246536,0.001353957571977044,0.17238587806411726
ENSG00000170571.12,5240,ENSG00000170571,EMB,133418,1.0648090197314037,3.380072176392445,10.211239803947802,0.0013958730294673315,0.17516968545492195
ENSG00000187714.7,2411,ENSG00000187714,SLC18A3,6572,-1.5327717013811786,2.533769126147893,10.201402740834673,0.0014033386676407507,0.17516968545492195
ENSG00000154153.13,4568,ENSG00000154153,FAM134B,54463,0.7067360326803472,4.6814225540926175,10.18299007847441,0.001417421412545145,0.17520980023810473
ENSG00000187678.9,6565,ENSG00000187678,SPRY4,81848,0.5517629468907395,4.000170347915856,10.144117666228182,0.0014476243691617027,0.17722262950160383
ENSG00000123643.13,6971,ENSG00000123643,SLC36A1,206358,0.8517924338341591,3.368963303429988,10.102356746040229,0.0014807983102583147,0.17955737224960822
ENSG00000100600.15,3876,ENSG00000100600,LGMN,5641,0.6915962291949626,4.282574623925145,10.075011944542316,0.0015029364822137551,0.18052252161835405
ENSG00000004838.14,2889,ENSG00000004838,ZMYND10,51364,-0.5997280766493287,3.506535015088652,9.996023069225474,0.0015687864948422919,0.18667093133020615
ENSG00000138829.12,13218,ENSG00000138829,FBN2,2201,-0.47955237601258,5.964215418067261,9.866536756101995,0.0016831203157629101,0.19508976215290175
ENSG00000213366.13,9116,ENSG00000213366,GSTM2,2946,-0.7128390790803553,2.7535462814545553,9.862094026453377,0.0016871895970965803,0.19508976215290175
ENSG00000173930.9,5069,ENSG00000173930,SLCO4C1,353189,0.6864710563683752,3.662795595304598,9.852386132654551,0.0016961161843567336,0.19508976215290175
ENSG00000167588.13,3822,ENSG00000167588,GPD1,2819,0.8758924846990055,3.6944762366028385,9.843398330950862,0.0017044232898921245,0.19508976215290175
ENSG00000185745.10,4614,ENSG00000185745,IFIT1,3434,0.8291233247496069,6.8973530373521745,9.801961693441516,0.0017432581102775019,0.19508976215290175
ENSG00000123106.10,7535,ENSG00000123106,CCDC91,55297,0.3248642996538291,6.207999061833055,9.795517483179273,0.0017493777467690978,0.19508976215290175
ENSG00000163251.4,7039,ENSG00000163251,FZD5,7855,0.5324138929919147,3.6239890951318374,9.77500029883026,0.0017690069218799208,0.19508976215290175
ENSG00000186470.14,7042,ENSG00000186470,BTN3A2,11118,0.7341929075444371,4.267618852729249,9.771263111107725,0.0017726063176042124,0.19508976215290175
ENSG00000164236.12,10043,ENSG00000164236,ANKRD33B,651746,-0.5609301631848854,3.5976754774828223,9.766252701595842,0.0017774436388420202,0.19508976215290175
ENSG00000155666.12,4026,ENSG00000155666,KDM8,79831,0.7226458088996239,2.1745484112534603,9.69595688412368,0.001846738906554856,0.198526636995725
ENSG00000138798.13,7628,ENSG00000138798,EGF,1950,0.533636575027712,4.267373148366083,9.686665116338506,0.0018561010693124607,0.198526636995725
ENSG00000069849.11,2617,ENSG00000069849,ATP1B3,483,0.624028715646595,3.8528331053476617,9.677235668403377,0.001865651140076501,0.198526636995725
ENSG00000002549.12,3785,ENSG00000002549,LAP3,51056,0.4475115989650426,5.498639397678209,9.669932026714283,0.0018730824278737888,0.198526636995725
ENSG00000084674.15,14828,ENSG00000084674,APOB,338,1.6922479940954742,7.66770984443197,9.656604481858558,0.0018867203170344585,0.198526636995725
ENSG00000138759.19,19207,ENSG00000138759,FRAS1,80144,-0.3690719552901573,5.464872391837889,9.59055856197622,0.00195580439926673,0.20226131279488993
ENSG00000163171.8,9964,ENSG00000163171,CDC42EP3,10602,0.45836487924970776,6.549768727386425,9.589020962672429,0.001957442921434863,0.20226131279488993
ENSG00000116675.16,6958,ENSG00000116675,DNAJC6,9829,0.6452121611870133,3.0039894991520386,9.567378288215938,0.001980654360113441,0.20226131279488993
ENSG00000093072.18,8704,ENSG00000093072,CECR1,51816,-0.8160088048387762,6.065646840409943,9.552458846841144,0.0019968175413118353,0.20226131279488993
ENSG00000173821.19,28570,ENSG00000173821,RNF213,57674,0.3969977608792985,7.593933272727301,9.535488124718555,0.0020153656607945483,0.20226131279488993
ENSG00000140937.14,13275,ENSG00000140937,CDH11,1009,0.42415940365759586,4.7859578053819645,9.533518548207244,0.0020175295888274444,0.20226131279488993
ENSG00000176641.11,10213,ENSG00000176641,RNF152,220441,0.5898208890735492,4.065147551403182,9.488227955753729,0.0020679445600429586,0.20569586045677304
ENSG00000099139.14,13341,ENSG00000099139,PCSK5,5125,0.47960730016459563,4.938059769510383,9.355680241459599,0.0022229544875454472,0.21833534437001847
ENSG00000128228.5,1059,ENSG00000128228,SDF2L1,23753,0.7253878470376841,1.858439472273151,9.350446458540073,0.0022293115589147347,0.21833534437001847
ENSG00000162849.16,14404,ENSG00000162849,KIF26B,55083,-0.6732852471105641,3.401774796092669,9.301422825209436,0.0022897595649498635,0.22089940564348212
ENSG00000125730.17,8296,ENSG00000125730,C3,718,0.780082322453598,3.7732888375106657,9.301077056562667,0.0022901917644470343,0.22089940564348212
ENSG00000079112.10,3878,ENSG00000079112,CDH17,1015,1.5938802410298498,3.8586442188039305,9.277205320484288,0.002320231640124864,0.22211420482759225
ENSG00000170385.10,5893,ENSG00000170385,SLC30A1,7779,0.45377646064388016,6.142030989964545,9.25969859082953,0.0023425157070254736,0.22257395508842037
ENSG00000134193.15,3414,ENSG00000134193,REG4,83998,1.546694927905108,3.0209519691918443,9.240435578676099,0.0023672863555828007,0.22326140651318682
ENSG00000181751.10,3507,ENSG00000181751,C5orf30,90355,0.4618491125061348,4.255491878002973,9.208802548273203,0.002408541844057251,0.2254820202833597
ENSG00000221792.1,101,ENSG00000221792,MIR1282,100302254,-0.5403484273350955,3.964559734721485,9.168693095274678,0.0024619031588625617,0.2287952629097674
ENSG00000127334.11,9470,ENSG00000127334,DYRK2,8445,0.3965262373625252,6.48520182616707,9.128810945706096,0.002516151999699741,0.22962750602014378
ENSG00000173085.15,2774,ENSG00000173085,COQ2,27235,0.6174114181811032,2.5772811274358967,9.126681162613828,0.0025190828849837405,0.22962750602014378
ENSG00000164342.13,6725,ENSG00000164342,TLR3,7098,0.613766191592464,2.4045041353061687,9.122414592331156,0.0025249647221819143,0.22962750602014378
ENSG00000053438.11,1329,ENSG00000053438,NNAT,4826,-0.5375805036756645,6.824298915112789,9.106257341990979,0.002547365524710717,0.2300216869547294
ENSG00000155926.14,7491,ENSG00000155926,SLA,6503,-0.8431184811846666,3.9626237439172463,9.069055076923707,0.0025997137421811052,0.23309546032006925
ENSG00000110693.18,19640,ENSG00000110693,SOX6,55553,0.48813915342428654,5.160266722156597,9.04287774396203,0.0026372018775266187,0.23480317695572664
ENSG00000168955.4,2875,ENSG00000168955,TM4SF20,79853,1.5407817164208695,3.3325210186934715,9.007715701694472,0.0026884221836175337,0.23770132806818361
ENSG00000135677.11,6268,ENSG00000135677,GNS,2799,0.5769450764131809,5.31174631961001,8.967793348065637,0.0027478026476127513,0.24127602282348654
ENSG00000057704.13,6512,ENSG00000057704,TMCC3,57458,0.5583268957903337,4.280149491860145,8.901443407703589,0.0028494532580929485,0.24758814935323056
ENSG00000115221.12,5785,ENSG00000115221,ITGB6,3694,0.37605602296517876,6.045653655029703,8.895603321122671,0.0028585813662366393,0.24758814935323056
ENSG00000075461.6,3583,ENSG00000075461,CACNG4,27092,-0.49529809368029254,4.418162404832826,8.852343146338365,0.0029271287953662162,0.24930809644126198
ENSG00000198944.6,3485,ENSG00000198944,SOWAHA,134548,0.6733305286944716,4.25948369935693,8.850632404631222,0.002929873592428728,0.24930809644126198
ENSG00000161921.16,2795,ENSG00000161921,CXCL16,58191,0.4844987555755382,4.040758829914062,8.846084594072376,0.0029371830400714183,0.24930809644126198
ENSG00000175311.7,4323,ENSG00000175311,ANKS4B,257629,1.2249588830308358,3.499590975176128,8.761676800163471,0.003076260880478394,0.25822669299022044
ENSG00000196116.8,4174,ENSG00000196116,TDRD7,23424,0.4008376336152267,5.459264529720116,8.757792639530908,0.003082819457627514,0.25822669299022044
ENSG00000178685.14,6033,ENSG00000178685,PARP10,84875,0.5275773423528135,3.6481805850728306,8.73506299092826,0.003121485322102201,0.25975654327454395
ENSG00000108771.13,3824,ENSG00000108771,DHX58,79132,0.6172357593116258,3.1934497839125933,8.717014911361513,0.0031525380012404035,0.26059968344574563
ENSG00000144115.17,7374,ENSG00000144115,THNSL2,55258,-0.6671849608481869,4.388477496418118,8.695544452427622,0.0031898882175576864,0.26059968344574563
ENSG00000139324.12,7327,ENSG00000139324,TMTC3,160418,0.34925379664891115,5.233045681712412,8.671152043224971,0.003232867529437949,0.26059968344574563
ENSG00000107954.10,4961,ENSG00000107954,NEURL1,9148,0.6932371532219385,3.346516676111787,8.670384507778396,0.003234229432864673,0.26059968344574563
ENSG00000112818.10,2981,ENSG00000112818,MEP1A,4224,1.3447238606304717,3.9331653601606344,8.665866093776245,0.0032422586669667423,0.26059968344574563
ENSG00000250722.6,5502,ENSG00000250722,SEPP1,6414,1.2395502331026174,8.243653182034869,8.659040706382708,0.003254425830024627,0.26059968344574563
ENSG00000153885.14,6388,ENSG00000153885,KCTD15,79047,-0.5404187903537535,4.180301151625544,8.59886204001832,0.0033637311931543293,0.26766890969525575
ENSG00000016490.16,3310,ENSG00000016490,CLCA1,1179,2.060928290409465,5.0904525143771036,8.583687884610697,0.003391877113626305,0.26780171495407873
ENSG00000177370.5,3182,ENSG00000177370,TIMM22,29928,-0.4443338835615711,3.8418223026000318,8.570285351636606,0.003416935992644843,0.26780171495407873
ENSG00000163577.8,5541,ENSG00000163577,EIF5A2,56648,0.7671440592958465,2.2971273551401254,8.564133365224848,0.0034285013774359744,0.26780171495407873
ENSG00000172183.15,7165,ENSG00000172183,ISG20,3669,0.6600066436104824,2.8673314603096323,8.485164054398687,0.003580542901884111,0.2779723916267592
ENSG00000141294.10,2819,ENSG00000141294,LRRC46,90506,-0.5612163336623975,2.720800294283198,8.461069891273935,0.0036282837020900267,0.2799715642121831
ENSG00000239887.6,4313,ENSG00000239887,C1orf226,400793,0.5145608359102565,4.374440516804896,8.430324176604856,0.003690145504473217,0.2830297142346566
ENSG00000085365.18,6746,ENSG00000085365,SCAMP1,9522,0.3583457509112922,5.191574026987219,8.418368716461362,0.0037144891430879786,0.2831908728730308
ENSG00000260027.5,1520,ENSG00000260027,HOXB7,3217,0.7083142567943532,2.200921331521083,8.392471761479147,0.0037677820147616484,0.28509861223972993
ENSG00000128606.13,2827,ENSG00000128606,LRRC17,10234,0.681296109098581,4.671760591055453,8.384522245508903,0.0037842966908980804,0.28509861223972993
ENSG00000165821.12,5383,ENSG00000165821,SALL2,6297,-0.37490452245128614,4.640626272292322,8.321010072293683,0.0039189122174464455,0.2919046776630212
ENSG00000002726.20,3824,ENSG00000002726,AOC1,26,1.0229278439404115,2.8640823826430295,8.320278127110079,0.003920491665125403,0.2919046776630212
ENSG00000145384.4,2226,ENSG00000145384,FABP2,2169,1.614212200619703,4.445670391761015,8.290842241955662,0.003984550385115909,0.2947609336816291
ENSG00000156381.9,7208,ENSG00000156381,ANKRD9,122416,0.46954480060233617,3.6176015763338705,8.281476104683058,0.004005155633594238,0.2947609336816291
ENSG00000059378.13,5510,ENSG00000059378,PARP12,64761,0.49159562266449264,5.869632031365356,8.245079925119924,0.0040862609581936585,0.2981839805110688
ENSG00000180801.14,5146,ENSG00000180801,ARSJ,79642,0.40807601912321473,5.548236945869189,8.239648256801873,0.004098507429267754,0.2981839805110688
ENSG00000109670.16,10979,ENSG00000109670,FBXW7,55294,0.29963522505132495,6.403455326275811,8.208560379462995,0.004169321718036382,0.3016125233752228
ENSG00000165152.9,5549,ENSG00000165152,TMEM246,84302,0.8507512819833595,3.2613993729545836,8.173807942985029,0.004249959018478424,0.30564598960214207
ENSG00000168237.18,4794,ENSG00000168237,GLYCTK,132158,0.6845751671973748,2.5907327887283276,8.163962799571765,0.004273090335311129,0.30564598960214207
ENSG00000013573.17,8367,ENSG00000013573,DDX11,1663,-0.4549917195927244,4.0992266294777995,8.149308764536862,0.00430775779779049,0.3064043144216118
ENSG00000138821.13,6480,ENSG00000138821,SLC39A8,64116,0.4138743761013682,4.689606808133446,8.09070244807642,0.004449291408238965,0.3147132122761028
ENSG00000121068.14,6082,ENSG00000121068,TBX2,6909,-0.5664244701081778,2.8233813667099517,8.061680891443,0.004521122034151401,0.3166650252107864
ENSG00000187210.14,9251,ENSG00000187210,GCNT1,2650,0.4030308814913244,6.667891859739799,8.051090058520114,0.004547628317893846,0.3166650252107864
ENSG00000185304.15,7018,ENSG00000185304,RGPD2,729857,0.6479950814316296,3.694179517552131,8.04954830490203,0.004551500126733735,0.3166650252107864
ENSG00000006611.16,4904,ENSG00000006611,USH1C,10083,0.8171701300959185,4.62901087667103,7.976973795115928,0.004737607204893904,0.327821820286463
ENSG00000166582.10,2850,ENSG00000166582,CENPV,201161,0.687132375831155,2.6109576358256463,7.932754560613565,0.004854783451390504,0.3341140697465075
ENSG00000178882.15,3306,ENSG00000178882,FAM101A,144347,0.8687737780042585,3.1624209630593887,7.88008413875891,0.004998215472898753,0.3420053836933828
ENSG00000140743.8,3950,ENSG00000140743,CDR2,1039,0.316317284447618,5.019319331915225,7.871077776685401,0.005023170495653675,0.3420053836933828
ENSG00000129654.8,2587,ENSG00000129654,FOXJ1,2302,-0.4560443983801569,5.2016557933220495,7.85479118299345,0.00506862061571205,0.34326424297471186
ENSG00000128298.17,2149,ENSG00000128298,BAIAP2L2,80115,0.6892474537769163,3.54815221424866,7.796507385544897,0.005234732082420285,0.35263814218716966
ENSG00000164287.12,4496,ENSG00000164287,CDC20B,166979,-0.8150895347022544,5.639965740513548,7.740701263014802,0.005398983011270597,0.3593806623295742
ENSG00000138606.19,4894,ENSG00000138606,SHF,90525,-0.485323730049412,3.239681686282105,7.736475073168153,0.005411633731073673,0.3593806623295742
ENSG00000122176.12,3034,ENSG00000122176,FMOD,2331,0.5109584722875873,3.5188009510256553,7.733851942410707,0.005419501034187735,0.3593806623295742
ENSG00000118137.9,1424,ENSG00000118137,APOA1,335,1.4757203949429538,6.649400325462051,7.706076295687577,0.0055035248239781774,0.36306154434658117
ENSG00000056291.17,2359,ENSG00000056291,NPFFR2,10886,0.6588077108169569,2.07732407297208,7.682485022452143,0.005575933218503007,0.36522880583174716
ENSG00000066230.12,5754,ENSG00000066230,SLC9A3,6550,0.9590510668487897,3.5062996237803645,7.6767282532478625,0.005593749382437221,0.36522880583174716
ENSG00000121380.12,5112,ENSG00000121380,BCL2L14,79370,0.9399260500128502,3.0083456744526322,7.6482549955168615,0.005682726455618794,0.36769953847828357
ENSG00000119408.16,4419,ENSG00000119408,NEK6,10783,-0.30956481627001425,5.990950874077053,7.644382587482805,0.0056949384905529915,0.36769953847828357
ENSG00000118257.16,13896,ENSG00000118257,NRP2,8828,0.611711328620776,4.674387426388785,7.637020222782873,0.005718230334487917,0.36769953847828357
ENSG00000012504.15,3628,ENSG00000012504,NR1H4,9971,1.160038192630006,3.236588988132848,7.619347084549268,0.005774539098218316,0.3694544311483196
ENSG00000185404.16,5650,ENSG00000185404,SP140L,93349,0.3929088526730986,4.325558234514906,7.5381672073853245,0.006040545748126426,0.3826834984140479
ENSG00000008517.17,3209,ENSG00000008517,IL32,9235,0.9621236714770912,4.343071320963766,7.537905904151586,0.006041421864689258,0.3826834984140479
ENSG00000182022.18,6543,ENSG00000182022,CHST15,51363,0.7409872081635951,5.526588710594538,7.504820214862246,0.006153408261506772,0.38598864828674945
ENSG00000134575.13,3484,ENSG00000134575,ACP2,53,0.4753567790890974,4.253112559542885,7.497731663513003,0.00617767541912807,0.38598864828674945
ENSG00000123609.11,3312,ENSG00000123609,NMI,9111,0.4674526953229225,4.587739568406689,7.495728876040566,0.006184549501295702,0.38598864828674945
ENSG00000178852.16,6678,ENSG00000178852,EFCAB13,124989,0.4146503416529445,4.312364330539833,7.443973422294707,0.006364921309378855,0.3953081859073736
ENSG00000165215.6,1274,ENSG00000165215,CLDN3,1365,0.7611522343230721,4.401395740809316,7.403174847411261,0.0065108866891035585,0.3975037216631724
ENSG00000186314.11,5375,ENSG00000186314,PRELID2,153768,0.45566949260962636,5.147065177228945,7.39778744895326,0.006530415027676824,0.3975037216631724
ENSG00000139508.15,3776,ENSG00000139508,SLC46A3,283537,1.0935625126211355,3.397874256765373,7.390890835462194,0.006555501304605246,0.3975037216631724
ENSG00000110799.13,10391,ENSG00000110799,VWF,7450,-0.5395573399160674,2.6075462411805694,7.388091919166431,0.006565710348838357,0.3975037216631724
ENSG00000119698.12,4973,ENSG00000119698,PPP4R4,57718,-0.6402107528083126,1.7588331974931086,7.386864807768596,0.006570191353644058,0.3975037216631724
ENSG00000196562.14,6657,ENSG00000196562,SULF2,55959,0.6669362655118676,4.547786388846842,7.374372761583945,0.006615986261598451,0.3975037216631724
ENSG00000174567.8,1029,ENSG00000174567,GOLT1A,127845,0.8202643585647351,2.748326729338031,7.37215352812067,0.0066241558367500595,0.3975037216631724
ENSG00000120889.13,5010,ENSG00000120889,TNFRSF10B,8795,0.41560843783172513,4.248522316601298,7.36514095763383,0.006650038698889076,0.3975037216631724
ENSG00000112773.16,6053,ENSG00000112773,FAM46A,55603,0.31279919848528703,8.328629597789687,7.346082545884625,0.0067209048353160114,0.39986243160394136
ENSG00000157388.19,19184,ENSG00000157388,CACNA1D,776,0.6630381534727849,2.201651741227794,7.326825952053483,0.006793291382101614,0.40228923663682675
ENSG00000274070.2,8206,ENSG00000274070,GATSL2,729438,-0.3730527123308277,5.7936771878508,7.3044680500838215,0.006878335677441952,0.4037395966207183
ENSG00000019582.15,4780,ENSG00000019582,CD74,972,0.8847272036783891,4.043149019867834,7.303718842537094,0.006881204246520253,0.4037395966207183
ENSG00000125347.14,7778,ENSG00000125347,IRF1,3659,0.49620163256784566,5.589351585117189,7.293584377629491,0.006920127410014126,0.40389258785704335
ENSG00000156642.17,4032,ENSG00000156642,NPTN,27020,0.3474702213645799,5.597210456604362,7.283352197750894,0.006959654054610893,0.40389258785704335
ENSG00000103978.16,5594,ENSG00000103978,TMEM87A,25963,0.36415583968098525,4.819227397758863,7.278370999661301,0.006978979683360787,0.40389258785704335
ENSG00000149218.5,4651,ENSG00000149218,ENDOD1,23052,0.36565630930069287,5.284642588662812,7.260956746951961,0.007046973922341896,0.4059822261504843
ENSG00000105398.4,1904,ENSG00000105398,SULT2A1,6822,1.0209756515714008,3.805069502994705,7.233362745590487,0.007156104053800949,0.40862992796867403
ENSG00000135111.16,5960,ENSG00000135111,TBX3,6926,0.3729200229955457,4.760315945952686,7.233107448859089,0.0071571217355493495,0.40862992796867403
ENSG00000122574.10,6065,ENSG00000122574,WIPF3,644150,0.5956652903378428,4.0226549993750504,7.210361399238707,0.0072483897725304355,0.41199329724936384
ENSG00000157423.18,28702,ENSG00000157423,HYDIN,54768,-0.39113450503467717,5.074152257558755,7.1944100400345885,0.007313102979525164,0.4138241206013973
ENSG00000105668.7,1366,ENSG00000105668,UPK1A,11045,-0.5404785264720088,4.478132932041959,7.173853789706708,0.007397369477486947,0.4167403017139991
ENSG00000205213.14,6355,ENSG00000205213,LGR4,55366,0.45175623184386243,5.061672920200949,7.164739761692751,0.007435047632959843,0.4170177377217829
ENSG00000100345.22,8909,ENSG00000100345,MYH9,4627,-0.2766648254277983,9.007309385051268,7.107951913700704,0.0076742741186943105,0.42741597959152167
ENSG00000068079.8,1958,ENSG00000068079,IFI35,3430,0.4674781159690051,4.307241820206772,7.100506202344633,0.007706218492657795,0.42741597959152167
ENSG00000089472.16,7113,ENSG00000089472,HEPH,9843,0.8703821054214927,2.5755851707035187,7.09097553760634,0.007747306434152513,0.42741597959152167
ENSG00000157181.16,4073,ENSG00000157181,C1orf27,54953,0.3467056123781554,4.640111784744777,7.079271109413948,0.007798072371635009,0.42741597959152167
ENSG00000139219.19,6662,ENSG00000139219,COL2A1,1280,-0.7015250406945179,2.297710878181802,7.075679659041526,0.007813717768261244,0.42741597959152167
ENSG00000160712.13,6453,ENSG00000160712,IL6R,3570,0.602196206904347,1.992890337464718,7.073813460967419,0.007821860135471611,0.42741597959152167
ENSG00000065675.15,3295,ENSG00000065675,PRKCQ,5588,0.4278613392700397,3.9097174962653014,7.05143956423777,0.007920157473252958,0.43030256539259876
ENSG00000072163.19,8487,ENSG00000072163,LIMS2,55679,-0.46059687886311806,2.9722268517501504,7.045427077230418,0.007946787419518138,0.43030256539259876
ENSG00000174358.16,5270,ENSG00000174358,SLC6A19,340024,1.0338996433123326,4.9205735445301855,7.038837971232958,0.007976076455596396,0.43030256539259876
ENSG00000136872.20,3904,ENSG00000136872,ALDOB,229,0.7815117963459968,7.785376788246816,7.028620144463524,0.008021713925598858,0.43093865696508293
ENSG00000095932.7,1481,ENSG00000095932,SMIM24,284422,0.8390730176274316,4.699968610186474,6.960275780397719,0.008333918629765204,0.44536291545554846
ENSG00000104635.14,6937,ENSG00000104635,SLC39A14,23516,0.5630892869672888,3.8810927476960555,6.954648107779665,0.008360174111991523,0.44536291545554846
ENSG00000147168.13,2760,ENSG00000147168,IL2RG,3561,0.6400100442207364,2.2909951207064503,6.946874833875194,0.00839657898642442,0.4454385152298154
ENSG00000088386.17,4210,ENSG00000088386,SLC15A1,6564,0.7586268412226898,4.380917003959206,6.918147303488638,0.008532533135128938,0.4490948996062424
ENSG00000163359.16,19465,ENSG00000163359,COL6A3,1293,-0.7510526600194454,2.169247549897669,6.911124806081528,0.008566108686268219,0.4490948996062424
ENSG00000205002.4,2404,ENSG00000205002,AARD,441376,-0.6864253896179783,5.516656965961694,6.9034985039565075,0.008602724292916464,0.4490948996062424
ENSG00000072506.13,1112,ENSG00000072506,HSD17B10,3028,-0.4003452338791308,3.558413575945194,6.902694451315576,0.008606594054659373,0.4490948996062424
ENSG00000159200.18,6964,ENSG00000159200,RCAN1,1827,0.3181154062442576,4.9882163785165226,6.889010289231069,0.008672727344552333,0.45069863081975636
ENSG00000126709.15,842,ENSG00000126709,IFI6,2537,0.5237069678429553,7.089814039326533,6.853596671689804,0.008846301030582576,0.4578500191925909
ENSG00000173702.7,3499,ENSG00000173702,MUC13,56667,1.3415462018550648,7.894625149518439,6.822558608785926,0.009001351783847962,0.46398870814555565
ENSG00000111452.13,14718,ENSG00000111452,ADGRD1,283383,0.7223458921222204,2.434387516414071,6.803848962591017,0.009096157319846893,0.46698497982375253
ENSG00000169951.9,3113,ENSG00000169951,ZNF764,92595,0.47966559615922205,3.563787426790864,6.783762860504625,0.009199076290870906,0.4696856890573509
ENSG00000165164.14,11443,ENSG00000165164,CFAP47,286464,-0.5640088837208997,4.2221190722192485,6.766987252356284,0.009285946206699126,0.4696856890573509
ENSG00000182472.9,5966,ENSG00000182472,CAPN12,147968,0.5036449181408202,2.5298600367534303,6.766324557458509,0.00928939507006296,0.4696856890573509
ENSG00000132746.15,3663,ENSG00000132746,ALDH3B2,222,-0.4284284264176205,3.8594532457404513,6.764993986493723,0.00929632372309554,0.4696856890573509
ENSG00000196924.18,10642,ENSG00000196924,FLNA,2316,-0.3182679426125714,8.427189389086026,6.757096462353499,0.009337557410591345,0.46990427253616207
ENSG00000204385.12,3372,ENSG00000204385,SLC44A4,80736,0.5088432855249745,4.583739611910508,6.745216887363437,0.00939993487257501,0.47053581505889214
ENSG00000117501.14,3831,ENSG00000117501,MROH9,80133,-0.6439177803622209,2.0848533514787393,6.736025288331991,0.009448491043158487,0.47053581505889214
ENSG00000106366.9,3156,ENSG00000106366,SERPINE1,5054,0.5773100776504986,3.053174821950476,6.714112839856341,0.009565286343858342,0.47053581505889214
ENSG00000167363.14,3831,ENSG00000167363,FN3K,64122,0.5176835928318975,3.9145624532135015,6.698534959670397,0.009649216480319328,0.47053581505889214
ENSG00000117500.13,9211,ENSG00000117500,TMED5,50999,0.29467695279587425,5.071322506733961,6.694974740564905,0.009668503842291083,0.47053581505889214
ENSG00000158292.7,4198,ENSG00000158292,GPR153,387509,0.9781418822034083,2.664961405228178,6.694099043407121,0.009673253950745598,0.47053581505889214
ENSG00000164746.14,2275,ENSG00000164746,C7orf57,136288,-0.5318285461001856,2.3645484083480715,6.693970892948144,0.009673949287233048,0.47053581505889214
ENSG00000134463.15,2185,ENSG00000134463,ECHDC3,79746,-0.6970581659786376,2.543341759364961,6.692692434332848,0.009680888929345287,0.47053581505889214
ENSG00000127530.4,12208,ENSG00000127530,OR7C1,26664,-0.7811716102529018,4.157037119425076,6.681980074393845,0.009739237837563768,0.47053581505889214
ENSG00000177700.6,1126,ENSG00000177700,POLR2L,5441,-0.327923433238499,4.896230452538011,6.678965722023051,0.009755721521538262,0.47053581505889214
ENSG00000183230.17,11157,ENSG00000183230,CTNNA3,29119,-0.427888138953765,3.988652950400631,6.672327463334563,0.0097921230486204,0.47053581505889214
ENSG00000174804.4,7387,ENSG00000174804,FZD4,8322,0.4842793359742621,3.197157570936431,6.6636762247455135,0.009839771935490507,0.47053581505889214
ENSG00000277149.5,3262,ENSG00000277149,TYW1B,441250,0.4490398180021596,2.992389244576152,6.657855683767755,0.009871963685771291,0.47053581505889214
ENSG00000145284.12,4231,ENSG00000145284,SCD5,79966,0.3581925533536645,4.540514208175779,6.644440643817923,0.00994657013417535,0.47053581505889214
ENSG00000204267.16,6380,ENSG00000204267,TAP2,6891,0.44481671287239216,3.541434227733598,6.640960117057189,0.00996602099050584,0.47053581505889214
ENSG00000166710.20,6079,ENSG00000166710,B2M,567,0.4924313877312982,7.935162335565186,6.639007298679584,0.009976951346174653,0.47053581505889214
ENSG00000188536.13,827,ENSG00000188536,HBA2,3040,-1.501968539701471,5.852950721384676,6.638753116049987,0.009978374965904875,0.47053581505889214
ENSG00000181744.9,5463,ENSG00000181744,C3orf58,205428,0.33868614455566837,4.675825197085436,6.622863903976832,0.010067781441570908,0.4712993302283395
ENSG00000101665.9,5033,ENSG00000101665,SMAD7,4092,0.35445982307523516,5.837175889960791,6.614104583676696,0.010117419648649225,0.4712993302283395
ENSG00000173193.15,10274,ENSG00000173193,PARP14,54625,0.4392094431353131,7.817395381607636,6.611557625223078,0.010131900037427893,0.4712993302283395
ENSG00000109084.14,2929,ENSG00000109084,TMEM97,27346,-0.3303472388184491,4.967698545875532,6.6042892393725,0.010173340397954356,0.4712993302283395
ENSG00000163975.12,8394,ENSG00000163975,MELTF,4241,0.822579018404566,4.4823058387180845,6.601526359162239,0.010189138370018698,0.4712993302283395
ENSG00000179761.12,3814,ENSG00000179761,PIPOX,51268,0.9685184552134499,3.169112706925896,6.5967222520242395,0.01021666785603375,0.4712993302283395
ENSG00000178965.14,8827,ENSG00000178965,ERICH3,127254,-0.8250005637267839,4.778337414268997,6.587499489452227,0.0102697319414334,0.47203692086039734
ENSG00000203778.8,2551,ENSG00000203778,FAM229B,619208,-0.43982153441758864,2.915889077281625,6.556003013993631,0.010453089989971692,0.4787364811234517
ENSG00000100028.12,3914,ENSG00000100028,SNRPD3,6634,-0.30390470227609623,5.755750002994098,6.527287725047992,0.01062318228735823,0.4847826411564336
ENSG00000143061.18,7400,ENSG00000143061,IGSF3,3321,0.38363099218720975,5.083294022908081,6.505402905992549,0.01075471917427972,0.4890324447390335
ENSG00000275464.5,7589,ENSG00000275464,CH507-9B2.5,102724159,0.5229669189718821,2.998573213541787,6.48992805671536,0.010848736778678588,0.49155201660546544
ENSG00000198865.10,3493,ENSG00000198865,CCDC152,100129792,0.9081928579678772,3.855860490479246,6.482536007245535,0.010893944398419748,0.4918500002861001
ENSG00000042286.15,5135,ENSG00000042286,AIFM2,84883,-0.46812773532321744,2.727453939725721,6.4710458256930385,0.010964599018371355,0.493290723328283
ENSG00000077238.14,5884,ENSG00000077238,IL4R,3566,0.5319092602684875,2.645187313279408,6.462087221074967,0.011020012697186474,0.4940380340161204
ENSG00000231064.7,2466,ENSG00000231064,MIR92B,693235,-0.5728928157890019,1.8755672333423177,6.453375151148425,0.011074177030445859,0.4947242875496024
ENSG00000205277.9,17130,ENSG00000205277,MUC12,10071,1.4121113080980674,6.480031330878872,6.44592298995558,0.011120725039491925,0.4950666825273119
ENSG00000185880.13,9265,ENSG00000185880,TRIM69,140691,0.39960735479005427,5.5542841024511045,6.425457508565179,0.011249592925240179,0.49905859625142146
ENSG00000178605.13,2964,ENSG00000178605,GTPBP6,8225,-0.3825672521096202,3.5629447391578197,6.418758570208457,0.011292107171391157,0.4992052378685841
ENSG00000154814.14,6095,ENSG00000154814,OXNAD1,92106,0.34254167352006587,4.0747284972774676,6.394046402301367,0.011450372216090103,0.5044503081496857
ENSG00000184349.13,5745,ENSG00000184349,EFNA5,1946,0.38486215574278915,6.189144392363114,6.35141360825768,0.011728780257290985,0.514933897364927
ENSG00000169876.14,14693,ENSG00000169876,MUC17,140453,1.4062135680044812,7.626335609733938,6.2889334895426785,0.012149413639758992,0.5292949463788608
ENSG00000141655.17,8995,ENSG00000141655,TNFRSF11A,8792,0.5830806286619926,2.40796909257605,6.286405198715965,0.01216675735911616,0.5292949463788608
ENSG00000196935.9,26230,ENSG00000196935,SRGAP1,57522,-0.38534373742399525,5.718976947517897,6.2824093801384,0.012194219985113663,0.5292949463788608
ENSG00000132274.16,5944,ENSG00000132274,TRIM22,10346,0.5558414927989789,5.684971764555531,6.278351604472675,0.012222173596872846,0.5292949463788608
ENSG00000198331.10,2999,ENSG00000198331,HYLS1,219844,-0.426500208032232,3.173218190752306,6.269210694739317,0.012285385819935124,0.5302289229132678
ENSG00000112232.9,2329,ENSG00000112232,KHDRBS2,202559,0.5371229821098031,2.760486256106508,6.257276055588267,0.012368423383042023,0.5320093463273347
ENSG00000109674.4,2914,ENSG00000109674,NEIL3,55247,0.3894884233477242,3.4917729025168502,6.214195232712216,0.012672994807510543,0.5432746460916641
ENSG00000174514.13,5790,ENSG00000174514,MFSD4A,148808,0.6291648987934766,1.9520241054139513,6.183730538119882,0.012893016534965995,0.5464593645049081
ENSG00000151468.11,3699,ENSG00000151468,CCDC3,83643,-0.6466046091747303,1.8268816645631456,6.181551141725979,0.012908906242898994,0.5464593645049081
ENSG00000277363.5,11665,ENSG00000277363,SRCIN1,80725,-0.6190315485265371,2.0325991258792446,6.180456465565694,0.012916894983248132,0.5464593645049081
ENSG00000100285.10,3795,ENSG00000100285,NEFH,4744,-0.5056207558425981,2.4710381682082225,6.180172861953061,0.01291896549764195,0.5464593645049081
ENSG00000152952.12,7663,ENSG00000152952,PLOD2,5352,0.286900485682194,5.440293270995661,6.160859923190271,0.013060769807774295,0.550628215869478
ENSG00000011485.15,7089,ENSG00000011485,PPP5C,5536,-0.3004352057008573,4.944262095009382,6.147765217770946,0.013157826417836006,0.5517653751027378
ENSG00000105967.16,8644,ENSG00000105967,TFEC,22797,0.7550861107166967,4.526107964924332,6.145536821048889,0.013174416747661979,0.5517653751027378
ENSG00000108528.14,2471,ENSG00000108528,SLC25A11,8402,-0.3345790731366569,4.612577732022015,6.120474260823741,0.013362494568333605,0.5569150969155153
ENSG00000168631.13,5681,ENSG00000168631,DPCR1,135656,0.7352299047146359,2.5060148067372676,6.117518269411935,0.013384858596932742,0.5569150969155153
ENSG00000106628.10,3695,ENSG00000106628,POLD2,5425,-0.3060280006735069,5.626385118900553,6.10470686573035,0.013482231126385174,0.5586575071952539
ENSG00000160207.9,1909,ENSG00000160207,HSF2BP,11077,-0.5646062662378193,2.0170009744855677,6.100483244387219,0.013514492005665896,0.5586575071952539
ENSG00000121989.15,6448,ENSG00000121989,ACVR2A,92,0.3749391926713288,7.480424653165861,6.0881434079787216,0.013609201763233863,0.5607519639142186
ENSG00000197565.16,9282,ENSG00000197565,COL4A6,1288,-0.5203377032322503,5.101780989816165,6.07251208238608,0.013730155014011501,0.561351306256919
ENSG00000170542.6,4143,ENSG00000170542,SERPINB9,5272,0.44592545982907494,3.5144319564849993,6.069285185478628,0.013755261726191282,0.561351306256919
ENSG00000060140.9,3440,ENSG00000060140,STYK1,55359,0.34881214184619064,4.32044667811426,6.069188215093529,0.013756016929952774,0.561351306256919
ENSG00000153048.11,5577,ENSG00000153048,CARHSP1,23589,-0.29827824490023486,6.05701766594414,6.051213259414103,0.013896744951736891,0.5652822898578725
ENSG00000148154.10,4567,ENSG00000148154,UGCG,7357,0.3192141787779333,5.304982800970743,6.037171419322692,0.014007710080356202,0.567981416379284
ENSG00000204421.3,1004,ENSG00000204421,LY6G6C,80740,-0.38736663493254797,6.308164818230414,6.007854654254732,0.014242333116046058,0.5756615404238045
ENSG00000122420.10,5764,ENSG00000122420,PTGFR,5737,1.047729035312259,3.6099561996144067,5.992598276612604,0.014366026520994505,0.5759918618888724
ENSG00000205413.8,6855,ENSG00000205413,SAMD9,54809,0.4021805848078233,6.999435638995699,5.991164107775299,0.01437771097154218,0.5759918618888724
ENSG00000088305.18,4630,ENSG00000088305,DNMT3B,1789,-0.5069459349585373,2.1099001750103072,5.990119881585474,0.01438622463718673,0.5759918618888724
ENSG00000164749.13,4797,ENSG00000164749,HNF4G,3174,0.9755858052786215,4.951723494774649,5.981045493668663,0.014460427720448872,0.5771478549741538
ENSG00000108679.13,3422,ENSG00000108679,LGALS3BP,3959,0.5463943622068835,4.902237307465098,5.969030075913619,0.014559286801682557,0.5792776236219448
ENSG00000164181.14,4461,ENSG00000164181,ELOVL7,79993,0.4732424410436634,3.8691739661992384,5.948812259126813,0.01472720580118193,0.5841332843010851
ENSG00000184574.10,2771,ENSG00000184574,LPAR5,57121,0.4446865504592177,3.5869945994076247,5.937571361307485,0.014821428231276057,0.5860447957782818
ENSG00000139874.6,4390,ENSG00000139874,SSTR1,6751,1.072770733051309,2.338874196330627,5.921745225206767,0.014955137896752697,0.5879007806542969
ENSG00000198440.9,8060,ENSG00000198440,ZNF583,147949,0.3037874280192983,4.401774862366554,5.916401299727254,0.015000566915616076,0.5879007806542969
ENSG00000129657.16,10356,ENSG00000129657,SEC14L1,6397,-0.24560353031142435,6.904043996888618,5.915658542773799,0.01500689237454025,0.5879007806542969
ENSG00000113532.13,7812,ENSG00000113532,ST8SIA4,7903,0.42687029972628493,5.70811277956784,5.903416179292172,0.015111547337116433,0.5901847260618602
ENSG00000141759.15,5217,ENSG00000141759,TXNL4A,10907,-0.26092176777096915,5.176955145347693,5.894389129003301,0.015189197148020021,0.5914032357449263
ENSG00000074276.10,5348,ENSG00000074276,CDHR2,54825,1.2008302277925795,4.01764562137168,5.884697180014157,0.015273023958275945,0.5917544965340162
ENSG00000148926.10,2325,ENSG00000148926,ADM,133,0.4269380677603628,4.145619357061151,5.8742696720410645,0.015363745016806776,0.5917544965340162
ENSG00000087460.25,14145,ENSG00000087460,GNAS,2778,-0.250002892820537,9.9357070456897425,5.873993514226622,0.015366155166954533,0.5917544965340162
ENSG00000185414.20,4760,ENSG00000185414,MRPL30,51263,-0.24706835034212854,5.844536360355795,5.871935386317313,0.015384129622428477,0.5917544965340162
ENSG00000170425.3,2551,ENSG00000170425,ADORA2B,136,0.5608031354660519,2.470486878835689,5.862252959298528,0.01546898122752153,0.5932261114120607
ENSG00000106392.11,7773,ENSG00000106392,C1GALT1,56913,0.3384230812811645,6.699851304063343,5.8490111754853995,0.015585806406479646,0.5956237971874981
ENSG00000100342.21,3458,ENSG00000100342,APOL1,8542,0.5940654265270935,2.413267721291177,5.844584093973705,0.01562506662430289,0.5956237971874981
ENSG00000146376.11,4592,ENSG00000146376,ARHGAP18,93663,0.299475876198311,6.658746109928095,5.838359427439755,0.015680440610781176,0.5959503577804953
ENSG00000165409.17,9909,ENSG00000165409,TSHR,7253,0.4793220669118331,2.586098987388053,5.829404171774675,0.015760460588193283,0.5972088815740384
ENSG00000161281.11,586,ENSG00000161281,COX7A1,1346,-0.555661040190979,2.7190041279408113,5.823934233192977,0.015809544298813916,0.5972911513724
ENSG00000125458.7,1533,ENSG00000125458,NT5C,30833,-0.42062876672457744,3.3882027952740534,5.816910814756728,0.015872799024996696,0.5979067372374495
ENSG00000074219.14,2980,ENSG00000074219,TEAD2,8463,-0.3507171886539317,4.6508258067702695,5.807609134376774,0.015956974060101298,0.5987542600502361
ENSG00000133083.14,14375,ENSG00000133083,DCLK1,9201,-0.4373480881184648,4.729843981262047,5.804044539826039,0.015989353472909227,0.5987542600502361
ENSG00000205730.6,7440,ENSG00000205730,ITPRIPL2,162073,0.4003339721910278,7.019407981884075,5.795447173596756,0.016067727593323037,0.5999246560650701
ENSG00000110107.9,2919,ENSG00000110107,PRPF19,27339,-0.2662058341737679,5.58016851841572,5.786605035111547,0.016148746202533686,0.6011866568732717
ENSG00000196549.11,9620,ENSG00000196549,MME,4311,0.5017336234374288,5.855402725283038,5.778754591614915,0.016221031024939537,0.602117104984053
ENSG00000177694.16,13546,ENSG00000177694,NAALADL2,254827,0.25820199606456107,6.298311183419855,5.769131115840705,0.01631009675339085,0.6036632321632915
ENSG00000176619.13,5395,ENSG00000176619,LMNB2,84823,-0.2532895489545326,6.107889154153931,5.752251254788074,0.01646754045512529,0.604762335631335
ENSG00000025708.14,3600,ENSG00000025708,TYMP,1890,0.5460763417658274,3.1805900794095496,5.749556798082633,0.016492817152012524,0.604762335631335
ENSG00000037757.14,3466,ENSG00000037757,MRI1,84245,-0.37621062880454503,3.8304973981804173,5.748342007732697,0.016504226180494474,0.604762335631335
ENSG00000153208.17,4572,ENSG00000153208,MERTK,10461,0.3036708226146975,4.953501224692622,5.737761391370146,0.01660394165687003,0.604762335631335
ENSG00000058056.9,8155,ENSG00000058056,USP13,8975,-0.4117420042865221,5.302084406483879,5.735465400212874,0.016625661803289962,0.604762335631335
ENSG00000205352.11,2824,ENSG00000205352,PRR13,54458,0.3604339114058417,4.201027969418846,5.735170044361695,0.016628458004923276,0.604762335631335
ENSG00000256043.3,2903,ENSG00000256043,CTSO,1519,0.3818282649924527,4.280518423871499,5.7256395021127915,0.016718946639002783,0.604762335631335
ENSG00000134757.5,5579,ENSG00000134757,DSG3,1830,0.5158006969204081,5.2793840714081,5.725551126258663,0.01671978810416509,0.604762335631335
ENSG00000196653.12,3273,ENSG00000196653,ZNF502,91392,0.3127696862867781,4.616021369937235,5.67025667902363,0.017254931141880467,0.6223506609020456
ENSG00000204439.4,2481,ENSG00000204439,C6orf47,57827,0.3637990798318363,4.229602443734745,5.642968864375675,0.01752550611026827,0.6279342655104291
ENSG00000261221.3,4005,ENSG00000261221,ZNF865,100507290,0.33939810470693305,3.968759563341823,5.640802756514137,0.017547171080251233,0.6279342655104291
ENSG00000132591.12,2240,ENSG00000132591,ERAL1,26284,-0.2767205147055052,4.726408417659495,5.639751347176556,0.017557697024953876,0.6279342655104291
ENSG00000186230.7,4637,ENSG00000186230,ZNF749,388567,0.4030313584051867,4.108728349879433,5.629550660428345,0.01766015782176064,0.6298294940802703
ENSG00000198075.10,3830,ENSG00000198075,SULT1C4,27233,-0.37139370502192603,3.3347296359942407,5.616106397840376,0.0177961422304075,0.6323003898862583
ENSG00000165323.15,19280,ENSG00000165323,FAT3,120114,-0.6326337945768075,4.28155648384663,5.6058844054083075,0.017900257440613795,0.6323003898862583
ENSG00000080815.19,9947,ENSG00000080815,PSEN1,5663,0.26378013639223347,6.16974286572733,5.596478345020632,0.01799661760010687,0.6323003898862583
ENSG00000155304.6,4153,ENSG00000155304,HSPA13,6782,0.3534423361169278,4.186475440329932,5.593096200178044,0.01803139666769355,0.6323003898862583
ENSG00000104537.17,3801,ENSG00000104537,ANXA13,312,1.092584436782253,5.198553943918774,5.59193923540294,0.018043309821107804,0.6323003898862583
ENSG00000275993.3,4848,ENSG00000275993,CH507-42P11.8,102724428,0.28490769061689825,5.242013892365992,5.579436089195769,0.01817257317367544,0.6323003898862583
ENSG00000154917.11,6055,ENSG00000154917,RAB6B,51560,-0.4248183397752648,3.101457562935258,5.574864377579059,0.018220076068189196,0.6323003898862583
ENSG00000075240.17,4901,ENSG00000075240,GRAMD4,23151,0.36588806470604673,3.6138416872739834,5.57443487228964,0.01822454547627178,0.6323003898862583
ENSG00000157873.17,6219,ENSG00000157873,TNFRSF14,8764,0.5086863974740792,3.3549615706592677,5.56429949475759,0.018330342884626212,0.6323003898862583
ENSG00000185477.5,14998,ENSG00000185477,GPRIN3,285513,0.6042867487889356,3.2552536768945894,5.5625470892807805,0.018348699458126082,0.6323003898862583
ENSG00000130332.15,1686,ENSG00000130332,LSM7,51690,-0.3482448628203175,4.506606757839799,5.557147419206549,0.018405380857164384,0.6323003898862583
ENSG00000245848.3,2601,ENSG00000245848,CEBPA,1050,0.4300020242244341,5.191527699310899,5.556638784427639,0.01841072940757772,0.6323003898862583
ENSG00000112293.15,7221,ENSG00000112293,GPLD1,2822,-0.5385293246030137,2.2275481469915506,5.556431667420181,0.018412907806929554,0.6323003898862583
ENSG00000163586.10,2416,ENSG00000163586,FABP1,2168,0.9469312698066714,3.479737040745187,5.551774389155085,0.01846196212938733,0.6323003898862583
ENSG00000123684.13,8790,ENSG00000123684,LPGAT1,9926,0.4375755949480321,6.44859312392642,5.545707912029764,0.018526061801589104,0.6323003898862583
ENSG00000239306.5,6480,ENSG00000239306,RBM14,10432,-0.32417485888895403,4.61650464148885,5.542037988900073,0.018564950532656957,0.6323003898862583
ENSG00000167693.17,5889,ENSG00000167693,NXN,64359,-0.23347560812810084,5.798553298252137,5.541213416484884,0.01857369979716153,0.6323003898862583
ENSG00000054983.17,6736,ENSG00000054983,GALC,2581,0.4029752060987902,4.1759193782588975,5.528585113930614,0.018708227935415184,0.633817873578159
ENSG00000023171.18,14944,ENSG00000023171,GRAMD1B,57476,0.6411056145196881,3.6625766806630935,5.527686547785219,0.01871783855367482,0.633817873578159
ENSG00000117632.23,6247,ENSG00000117632,STMN1,3925,-0.2912123227442883,7.353630339425123,5.51805500021486,0.01882117372437192,0.6356264823838284
ENSG00000148082.10,9980,ENSG00000148082,SHC3,53358,-0.3897255757070314,5.046470618090675,5.505534033086974,0.018956390786769344,0.6376715034004563
ENSG00000143556.9,486,ENSG00000143556,S100A7,6278,-0.6264800330455186,4.958285920820639,5.496954829622364,0.019049618922437367,0.6376715034004563
ENSG00000169860.7,6309,ENSG00000169860,P2RY1,5028,0.5448755072774655,2.0107272986368736,5.493555353538085,0.01908669115342274,0.6376715034004563
ENSG00000146232.17,2581,ENSG00000146232,NFKBIE,4794,0.4965590681337144,2.2103708801697888,5.493460850705219,0.01908772279748055,0.6376715034004563
ENSG00000185101.13,6207,ENSG00000185101,ANO9,338440,0.7269492381445536,2.1150876493559094,5.489396276560932,0.019132148468345454,0.6376715034004563
ENSG00000114107.9,4409,ENSG00000114107,CEP70,80321,0.29749891594641537,5.912041434825514,5.46270832780246,0.019426513718207184,0.6415056671330303
ENSG00000139438.6,4113,ENSG00000139438,FAM222A,84915,-0.5499025440612333,1.907024821850507,5.457464840848733,0.019484896923983818,0.6415056671330303
ENSG00000166148.4,6222,ENSG00000166148,AVPR1A,552,0.5161238914657263,1.9569807286124048,5.455604962049515,0.019505649153643556,0.6415056671330303
ENSG00000117620.15,18235,ENSG00000117620,SLC35A3,23443,0.2701606510527214,5.4528375128109765,5.454170853471243,0.0195216663071873,0.6415056671330303
ENSG00000126254.12,2206,ENSG00000126254,RBM42,79171,-0.2552684769685867,5.213740889213831,5.452639986183536,0.01953877913540797,0.6415056671330303
ENSG00000226950.7,2328,ENSG00000226950,DANCR,57291,-0.34977369958347,4.552774400448003,5.451681879394583,0.019549497239052447,0.6415056671330303
ENSG00000107242.20,5092,ENSG00000107242,PIP5K1B,8395,0.3048871156276105,5.17864258254944,5.432749126758802,0.01976254464937799,0.6447677040030899
ENSG00000067445.21,6716,ENSG00000067445,TRO,7216,-0.4048013113728804,3.4281338669193797,5.427426189800228,0.01982287413237606,0.6447677040030899
ENSG00000163041.12,5019,ENSG00000163041,H3F3A,3020,-0.26886883954343727,7.469961238760968,5.41757099010259,0.019935074895109206,0.6447677040030899
ENSG00000167105.8,3062,ENSG00000167105,TMEM92,162461,0.791418011162034,2.5867824995884705,5.415018798377563,0.019964238335899474,0.6447677040030899
ENSG00000169894.18,11396,ENSG00000169894,MUC3A,4584,0.9013206289604891,9.495067129092133,5.410011544808373,0.02002158359483555,0.6447677040030899
ENSG00000164168.8,4709,ENSG00000164168,TMEM184C,55751,0.2603666704717705,5.467531486822766,5.407156399030673,0.020054358204800442,0.6447677040030899
ENSG00000176533.13,4546,ENSG00000176533,GNG7,2788,-0.5122851190710853,2.4166274322966568,5.404558396862544,0.02008422924239432,0.6447677040030899
ENSG00000164414.18,1994,ENSG00000164414,SLC35A1,10559,0.5253958034979794,2.0016318843601995,5.404322786567118,0.020086940492569216,0.6447677040030899
ENSG00000108344.15,4953,ENSG00000108344,PSMD3,5709,-0.243337397998094,5.76538070311685,5.402782066710573,0.020104679428937063,0.6447677040030899
ENSG00000178952.11,2211,ENSG00000178952,TUFM,7284,-0.2955311435610173,5.664309569702008,5.39240181505484,0.020224614568414873,0.646984403731302
ENSG00000119899.13,3441,ENSG00000119899,SLC17A5,26503,0.41236352548968197,3.9473664132969213,5.3876887423000905,0.020279314236404014,0.6471083430022454
ENSG00000198758.10,3477,ENSG00000198758,EPS8L3,79574,0.9088303494058996,3.5757768819661666,5.3713096021059314,0.02047060263492632,0.649215020968591
ENSG00000087085.15,4074,ENSG00000087085,ACHE,43,0.6394178187736689,2.5692990204126476,5.367607322130748,0.020514098811341166,0.649215020968591
ENSG00000162949.16,5191,ENSG00000162949,CAPN13,92291,0.46176169757782676,2.7396007708583086,5.360812737093575,0.02059417382436715,0.649215020968591
ENSG00000111802.14,2977,ENSG00000111802,TDP2,51567,0.3627031298387087,6.412538308156185,5.35982533294918,0.020605837386564022,0.649215020968591
ENSG00000170684.9,1743,ENSG00000170684,ZNF296,162979,0.5312553460929831,2.143248227404389,5.354986991436769,0.020663088440855563,0.649215020968591
ENSG00000086205.18,5335,ENSG00000086205,FOLH1,2346,0.6956487971525462,2.7389143651909227,5.3470653945700874,0.020757178579888493,0.649215020968591
ENSG00000184148.4,751,ENSG00000184148,SPRR4,163778,-0.5391967099091524,2.726092454078357,5.346735883161319,0.02076110199937001,0.649215020968591
ENSG00000154305.18,10155,ENSG00000154305,MIA3,375056,0.25857081012790784,5.466729831172849,5.343630479669562,0.020798115067830518,0.649215020968591
ENSG00000095585.17,6186,ENSG00000095585,BLNK,29760,0.24786718668985952,5.2878492183671835,5.340291948247261,0.02083798294435168,0.649215020968591
ENSG00000172379.21,7737,ENSG00000172379,ARNT2,9915,-0.3785663778173538,4.225831854706733,5.338848710508513,0.020855242191026836,0.649215020968591
ENSG00000184227.8,1686,ENSG00000184227,ACOT1,641371,-0.5211991007996319,1.9745978190443148,5.32846257266583,0.020979884009712856,0.6515021541747905
ENSG00000164976.9,6447,ENSG00000164976,KIAA1161,57462,0.4304882028069303,3.861356921858131,5.323007948124669,0.021045652310654056,0.6519543679300425
ENSG00000140832.9,6446,ENSG00000140832,MARVELD3,91862,0.41062406514877475,3.8622416091195126,5.316614234681019,0.021123015274866513,0.6523135529117127
ENSG00000168658.19,8307,ENSG00000168658,VWA3B,200403,-0.5895248423135633,2.5354696927833618,5.3135673979834905,0.021159985036886,0.6523135529117127
ENSG00000099622.14,6368,ENSG00000099622,CIRBP,1153,-0.2529448347084174,7.217852650985101,5.307999094238147,0.021227722975157747,0.6523135529117127
ENSG00000166866.13,4450,ENSG00000166866,MYO1A,4640,0.7651343743431887,4.10191490659421,5.305173342320138,0.021262183824879106,0.6523135529117127
ENSG00000172954.13,7517,ENSG00000172954,LCLAT1,253558,0.35466772253341566,3.975802075421141,5.295038028664003,0.02138626398854132,0.654543060341606
ENSG00000119965.13,3083,ENSG00000119965,C10orf88,80007,0.3391695688931062,3.7123249302906722,5.288898563821695,0.021461789887665804,0.6552793977212494
ENSG00000154655.15,7959,ENSG00000154655,L3MBTL4,91133,0.2723922532095017,5.087430587259022,5.278094698222562,0.021595367165875977,0.6564345432307366
ENSG00000172548.14,4208,ENSG00000172548,NIPAL4,348938,-0.5563456701646594,1.8344544198619666,5.277500468850075,0.021602739052283902,0.6564345432307366
ENSG00000025434.19,4534,ENSG00000025434,NR1H3,10062,0.46075143113544753,3.808827995414336,5.264280436063956,0.021767419659573458,0.6569212887839985
ENSG00000104419.16,9823,ENSG00000104419,NDRG1,10397,-0.21748643314089536,9.411901384813493,5.257582435734026,0.021851351638996173,0.6569212887839985
ENSG00000113504.21,6004,ENSG00000113504,SLC12A7,10723,0.43840147395001156,3.2819737666625057,5.252061348418625,0.02192078781748627,0.6569212887839985
ENSG00000104824.17,6821,ENSG00000104824,HNRNPL,3191,-0.23237872786087502,6.719844637855288,5.250082317273905,0.021945732787195988,0.6569212887839985
ENSG00000154479.13,2208,ENSG00000154479,CCDC173,129881,-0.5088961251257357,2.982467680819746,5.24964561527557,0.021951241216063875,0.6569212887839985
ENSG00000163631.17,3431,ENSG00000163631,ALB,213,0.5994246948996501,2.0460831311441443,5.246832081286671,0.02198676464694333,0.6569212887839985
ENSG00000099834.19,3861,ENSG00000099834,CDHR5,53841,0.8238691047254489,5.316173281825585,5.240484648202848,0.022067125646101384,0.6569212887839985
ENSG00000164187.7,8352,ENSG00000164187,LMBRD2,92255,0.3136020182689772,4.001819874687025,5.238379331911162,0.02209384691900031,0.6569212887839985
ENSG00000174151.14,5690,ENSG00000174151,CYB561D1,284613,0.33831496382997944,4.127820563848382,5.237247502230769,0.022108226274101597,0.6569212887839985
ENSG00000154822.18,5160,ENSG00000154822,PLCL2,23228,0.2512284728785485,5.666361812787891,5.226295045445339,0.022247873834087217,0.6569212887839985
ENSG00000253710.4,11764,ENSG00000253710,ALG11,440138,0.4458778592322927,2.5847016681160273,5.22160851209571,0.022307907605970647,0.6569212887839985
ENSG00000082996.19,3635,ENSG00000082996,RNF13,11342,0.27078166256262665,6.87633862099256,5.2207495836895434,0.02231892853278867,0.6569212887839985
ENSG00000143158.11,2638,ENSG00000143158,MPC2,25874,0.31061626203568227,5.213323468815036,5.220356323408213,0.022323976345462133,0.6569212887839985
ENSG00000177663.14,9036,ENSG00000177663,IL17RA,23765,0.3455955742985926,3.779458151027553,5.215602938033243,0.02238508351590248,0.6569212887839985
ENSG00000174574.16,2688,ENSG00000174574,AKIRIN1,79647,0.22455792428996227,6.372114966385773,5.21075339841668,0.022447605420084532,0.6569212887839985
ENSG00000196371.3,6059,ENSG00000196371,FUT4,2526,0.40813887292426043,5.276211557577384,5.203000523555838,0.02254793422119084,0.6569212887839985
ENSG00000187699.10,5997,ENSG00000187699,C2orf88,84281,1.03805576948263,2.926441470344456,5.201485329525031,0.022567596340164288,0.6569212887839985
ENSG00000103021.9,5927,ENSG00000103021,CCDC113,29070,-0.48899091760273794,3.9260863012424894,5.199738532455223,0.022590285937314578,0.6569212887839985
ENSG00000155850.8,8580,ENSG00000155850,SLC26A2,1836,0.35221199220202165,4.891087304249017,5.199061766358117,0.022599082978902868,0.6569212887839985
ENSG00000116833.14,7543,ENSG00000116833,NR5A2,2494,1.0173486267227736,3.147853684678652,5.19217789209393,0.022688765977771513,0.658025896193592
ENSG00000159212.12,3860,ENSG00000159212,CLIC6,54102,-0.45136570043059965,8.273235647764281,5.173650182250876,0.02293198170021438,0.6629758469972302
ENSG00000153933.10,10925,ENSG00000153933,DGKE,8526,0.35124078206781695,3.51184539821726,5.171257760111455,0.022963583767340444,0.6629758469972302
ENSG00000100058.12,6435,ENSG00000100058,CRYBB2P1,1416,-0.3784103164859995,3.0903849796252336,5.1547529624070325,0.0231828331921359,0.666609386513923
ENSG00000153879.9,4056,ENSG00000153879,CEBPG,1054,0.2828333583613645,5.931233569932917,5.153905207885355,0.023194153175123144,0.666609386513923
ENSG00000166681.14,1112,ENSG00000166681,BEX3,27018,-0.2365490446506202,6.0062177278891795,5.142620738748824,0.023345380615784367,0.6687880871721383
ENSG00000082512.15,9022,ENSG00000082512,TRAF5,7188,0.457961281430621,2.3751896195872404,5.140418282348024,0.023375015613540807,0.6687880871721383
ENSG00000255874.2,6265,ENSG00000255874,LINC00346,283487,0.47548760597465967,3.8807215487591997,5.129308455621523,0.023525098900109807,0.6715730026820584
ENSG00000183077.15,4048,ENSG00000183077,AFMID,125061,-0.32651870402242056,3.926377521329843,5.120460103561474,0.023645346517399718,0.6723306569094265
ENSG00000166394.15,8595,ENSG00000166394,CYB5R2,51700,-0.3676463125313701,4.292186899612257,5.119586575033468,0.0236572521438441,0.6723306569094265
ENSG00000135535.17,6861,ENSG00000135535,CD164,8763,0.29577821678882144,6.922040537148401,5.110831916227109,0.02377691642503934,0.6734399919296089
ENSG00000198121.13,4159,ENSG00000198121,LPAR1,1902,0.35454647447628235,4.856753701507829,5.10693197551392,0.023830425275601353,0.6734399919296089
ENSG00000164007.11,3602,ENSG00000164007,CLDN19,149461,-0.524345757843662,2.0051972802249214,5.105146332948214,0.023854966726378702,0.6734399919296089
ENSG00000104177.18,13902,ENSG00000104177,MYEF2,50804,-0.3577728508449214,5.07344296744076,5.1012002994455585,0.023909293107407817,0.673480353636098
ENSG00000160345.13,1864,ENSG00000160345,C9orf116,138162,-0.5213808639028339,2.7727916742995045,5.095774913575189,0.02398419584620217,0.6740988554389538
ENSG00000151694.14,10728,ENSG00000151694,ADAM17,6868,0.25420270560593416,5.126893648604763,5.088455252329238,0.024085636856947375,0.6754588732657577
ENSG00000163131.11,4071,ENSG00000163131,CTSS,1520,0.7146709957656568,3.6809597761989337,5.058744818135079,0.02450197742858912,0.6789162013368261
ENSG00000100300.18,1422,ENSG00000100300,TSPO,706,-0.3322059732267855,3.8359562178723907,5.050770381512876,0.024614991801209886,0.6789162013368261
ENSG00000154511.12,3091,ENSG00000154511,FAM69A,388650,0.5650908936846166,1.8563992363003465,5.048411478298238,0.024648525957897408,0.6789162013368261
ENSG00000204177.10,4561,ENSG00000204177,BMS1P1,399761,0.3106893807346797,3.9546761493519513,5.042630543606432,0.02473090834685445,0.6789162013368261
ENSG00000126243.9,5115,ENSG00000126243,LRFN3,79414,0.4101154130143258,2.8109121057406457,5.0392730103165775,0.02477888671017705,0.6789162013368261
ENSG00000141664.10,10213,ENSG00000141664,ZCCHC2,54877,0.24632287385243753,6.733918180854159,5.03447874955112,0.02484756311479452,0.6789162013368261
ENSG00000119042.17,10958,ENSG00000119042,SATB2,23314,0.607072642598838,3.379692533997111,5.029791470531533,0.024914898077079042,0.6789162013368261
ENSG00000164418.20,7585,ENSG00000164418,GRIK2,2898,-0.5294703229786987,1.8469661179630485,5.0285873622263075,0.024932226220155587,0.6789162013368261
ENSG00000108588.14,4354,ENSG00000108588,CCDC47,57003,0.293234910948122,4.766973776764856,5.026523222334863,0.024961960062466197,0.6789162013368261
ENSG00000277791.5,1168,ENSG00000277791,PSMB3,5691,-0.27319778823172614,5.0319212527306885,5.026132734338873,0.02496758916410212,0.6789162013368261
ENSG00000090382.7,1724,ENSG00000090382,LYZ,4069,0.49177306916814817,3.0074709820981633,5.022241154119053,0.025023760522779964,0.6789162013368261
ENSG00000265190.6,4955,ENSG00000265190,ANXA8,653145,-0.3158275351552826,7.719404234558378,5.022174642341371,0.025024721698273696,0.6789162013368261
ENSG00000128335.14,3417,ENSG00000128335,APOL2,23780,0.32866566541095915,4.50573881231177,5.022085975032227,0.02502600310755673,0.6789162013368261
ENSG00000072657.9,12264,ENSG00000072657,TRHDE,29953,0.44323978741292935,2.846844459642517,5.015047760629969,0.025127936174627594,0.6789162013368261
ENSG00000147684.9,4106,ENSG00000147684,NDUFB9,4715,-0.2920405829390886,4.551322279417586,5.014748206085378,0.025132284115876227,0.6789162013368261
ENSG00000196141.14,10453,ENSG00000196141,SPATS2L,26010,0.2699125609876051,7.444611391892046,5.013449145991072,0.025151148611051846,0.6789162013368261
ENSG00000149548.15,4823,ENSG00000149548,CCDC15,80071,-0.34942418874859005,3.6536538294969008,5.009541214437,0.025207986914906725,0.6789162013368261
ENSG00000105388.16,3986,ENSG00000105388,CEACAM5,1048,0.8504850040503287,4.97887804348992,5.007003653071212,0.02524496548811449,0.6789162013368261
ENSG00000165475.15,4327,ENSG00000165475,CRYL1,51084,0.38552906972875045,4.330453748300588,5.005462564894469,0.025267450458994086,0.6789162013368261
ENSG00000173218.15,9045,ENSG00000173218,VANGL1,81839,0.35453854945012725,4.69353958020736,5.000997008514064,0.02533272187149465,0.6789162013368261
ENSG00000143256.5,621,ENSG00000143256,PFDN2,5202,-0.30874565906895085,4.416521166749937,4.997715161224735,0.025380803048744325,0.6789162013368261
ENSG00000204463.12,5310,ENSG00000204463,BAG6,7917,-0.22403168072307234,6.6571690251484705,4.995687646179733,0.025410554801569462,0.6789162013368261
ENSG00000185033.14,7006,ENSG00000185033,SEMA4B,10509,0.3678602800361981,4.501955938246255,4.988304019547291,0.025519208606536604,0.6789162013368261
ENSG00000110245.12,851,ENSG00000110245,APOC3,345,0.9801170178218214,6.2995150923346275,4.987723280836942,0.025527774913353278,0.6789162013368261
ENSG00000198142.5,4627,ENSG00000198142,SOWAHC,65124,0.23909234761450424,7.421195729878611,4.983411507951452,0.025591470093609278,0.6789162013368261
ENSG00000174844.14,13275,ENSG00000174844,DNAH12,201625,-0.4543093746104784,3.9910344399257363,4.983150388026861,0.02559533275539401,0.6789162013368261
ENSG00000075673.11,4442,ENSG00000075673,ATP12A,479,-0.45903727256484306,3.2022568904186492,4.97745147072613,0.025679785981790323,0.6794447284656224
ENSG00000138449.11,4218,ENSG00000138449,SLC40A1,30061,0.5911602781022363,7.563046165032998,4.974094329671901,0.02572967145547552,0.6794447284656224
ENSG00000120594.17,12567,ENSG00000120594,PLXDC2,84898,0.3871517256652271,4.54442724581762,4.971025975784418,0.025775353742451743,0.6794447284656224
ENSG00000089280.19,6989,ENSG00000089280,FUS,2521,-0.20796185826321478,7.497058503054882,4.962848542127418,0.025897513031779944,0.6812544130591368
ENSG00000073910.22,18852,ENSG00000073910,FRY,10129,-0.36976840905116437,6.288407596358539,4.9589157088277425,0.025956478043710148,0.6813976875309641
ENSG00000157693.15,4792,ENSG00000157693,TMEM268,203197,0.34205323546969213,4.558745431764296,4.9349460086158565,0.026318884836632955,0.6875061044850044
ENSG00000173163.10,2392,ENSG00000173163,COMMD1,150684,-0.366296013406797,3.545729527875007,4.931861514042554,0.026365900849498896,0.6875061044850044
ENSG00000280739.3,19361,ENSG00000280739,EIF1B-AS1,440952,-0.5055176981890322,1.8101099670188523,4.9294311756879985,0.026403007236593744,0.6875061044850044
ENSG00000158125.10,6064,ENSG00000158125,XDH,7498,0.576805672404166,3.7918535641428135,4.929290348009266,0.026405159055385416,0.6875061044850044
ENSG00000007171.18,4399,ENSG00000007171,NOS2,4843,0.6703444096073319,3.4389321681021348,4.922985326485648,0.026501685518823783,0.6886111429095192
ENSG00000040487.13,2686,ENSG00000040487,PQLC2,54896,0.4190649429250933,2.791943772739612,4.91337305287891,0.02664955059602513,0.6910429291010018
ENSG00000213593.10,2253,ENSG00000213593,TMX2,51075,0.3648008265529009,3.9428053889146764,4.9093353154576445,0.026711918423191292,0.6912523279757552
ENSG00000091138.13,3382,ENSG00000091138,SLC26A3,1811,1.4076309127627369,4.171927719627928,4.890968067295578,0.0269975441464613,0.6950652602556626
ENSG00000138459.9,4828,ENSG00000138459,SLC35A5,55032,0.3046667887086286,4.312783143437772,4.88399405776974,0.027106825827759484,0.6950652602556626
ENSG00000155530.3,4799,ENSG00000155530,LRGUK,136332,-0.4701516671615927,2.0826885659678522,4.881524748698282,0.0271456297088319,0.6950652602556626
ENSG00000100726.15,4239,ENSG00000100726,TELO2,9894,-0.3802225345903019,3.2403973555390504,4.880323194299811,0.027164532386046096,0.6950652602556626
ENSG00000120539.15,4660,ENSG00000120539,MASTL,84930,0.36726329164526494,4.971034923797333,4.877342414588506,0.027211484695504037,0.6950652602556626
ENSG00000073008.15,6098,ENSG00000073008,PVR,5817,0.3615697691088503,3.5355963107197206,4.871692093849666,0.027300718541208482,0.6950652602556626
ENSG00000119953.13,5404,ENSG00000119953,SMNDC1,10285,0.23728115799576477,5.907029342908128,4.868904723626718,0.027344850695528243,0.6950652602556626
ENSG00000105552.15,4553,ENSG00000105552,BCAT2,587,-0.29881954002947997,4.209942474103349,4.86560081100789,0.027397257325680897,0.6950652602556626
